campaign_name,ad_group_name,ad_group_id,keyword,match_type
Search - NonBrand,B2B EComm,181971021539,cart,BROAD
Search - NonBrand,B2B EComm,181971021539,marketplace,BROAD
Search - NonBrand,B2B EComm,181971021539,what,BROAD
Search - NonBrand,B2B EComm,181971021539,marketplaces,BROAD
Search - NonBrand,B2B EComm,181971021539,b2c,BROAD
Search - NonBrand,B2B EComm,181971021539,ecplaza,BROAD
Search - NonBrand,B2B EComm,181971021539,b2b marketplace,EXACT
Search - NonBrand,B2B EComm,181971021539,syncee,BROAD
Search - NonBrand,B2B EComm,181971021539,marketplace global,EXACT
Search - NonBrand,B2B EComm,181971021539,global trade plaza,EXACT
Search - NonBrand,B2B EComm,181971021539,wholesale marketplace for retailers,EXACT
Search - NonBrand,B2C EComm,181971021579,developers,BROAD
Search - NonBrand,B2C EComm,181971021579,b2b,BROAD
Search - NonBrand,B2C EComm,181971021579,https,BROAD
Search - NonBrand,B2C EComm,181971021579,avex,BROAD
Search - NonBrand,B2C EComm,181971021579,cs cart,EXACT
Search - NonBrand,B2C EComm,181971021579,seller center,EXACT
Search - NonBrand,B2C EComm,181971021579,us direct ecommerce ltd,EXACT
Search - NonBrand,B2C EComm,181971021579,commerce 7,EXACT
Search - NonBrand,B2C EComm,181971021579,commerce com inc,EXACT
Search - NonBrand,B2B Other Keywords,181971021739,b2c,BROAD
Search - NonBrand,B2B Other Keywords,181971021739,quailhq,BROAD
Search - NonBrand,OMS,181971021779,how,BROAD
Search - NonBrand,OMS,181971021779,order processing,EXACT
Search - NonBrand,OMS,181971021779,business process integration,EXACT
Search - NonBrand,OMS,181971021779,purchase order,EXACT
Search - NonBrand,OMS,181971021779,create an order form,EXACT
Search - NonBrand,OMS,181971021779,order entry,EXACT
Search - NonBrand,OMS,181971021779,wms software,EXACT
Search - NonBrand,OMS,181971021779,pos systems,EXACT
Search - NonBrand,OMS,181971021779,stocky,EXACT
Search - NonBrand,OMS,181971021779,order forms,EXACT
Search - NonBrand,OMS,181971021779,crunchtime,EXACT
Search - NonBrand,OMS,181971021779,how to create a purchase order,EXACT
Search - NonBrand,OMS,181971021779,x cart,EXACT
Search - NonBrand,OMS,181971021779,stord,EXACT
Search - NonBrand,OMS,181971021779,procurement system,EXACT
Search - NonBrand,OMS,181971021779,olo,EXACT
Search - NonBrand,OMS,181971021779,oracle order management,EXACT
Search - NonBrand,OMS,181971021779,open source point of sale,EXACT
Search - NonBrand,OMS,181971021779,cs cart,EXACT
Search - NonBrand,OMS,181971021779,odoo,EXACT
Search - NonBrand,OMS,181971021779,gestion des stock,EXACT
Search - NonBrand,OMS,181971021779,delivery management software,EXACT
Search - NonBrand,OMS,181971021779,sap order management,EXACT
Search - NonBrand,OMS,181971021779,how to create an order form,EXACT
Search - NonBrand,OMS,181971021779,track and trace system,EXACT
Search - NonBrand,OMS,181971021779,restaurant online ordering system,EXACT
Search - NonBrand,OMS,181971021779,inventura,EXACT
Search - NonBrand,OMS,181971021779,manhattan wms,EXACT
Search - NonBrand,OMS,181971021779,customer order fulfillment,EXACT
Search - NonBrand,OMS,181971021779,how to do inventory management,EXACT
Search - NonBrand,OMS,181971021779,online food order system,EXACT
Search - NonBrand,OMS,181971021779,proof of delivery software,EXACT
Search - NonBrand,OMS,181971021779,shipify,BROAD
Search - NonBrand,OMS,181971021779,sterling order management,EXACT
Search - NonBrand,OMS,181971021779,inflow inventory,EXACT
Search - NonBrand,OMS,181971021779,request management system,EXACT
Search - NonBrand,OMS,181971021779,zoho inventory,EXACT
Search - NonBrand,OMS,181971021779,gatemaster systems,EXACT
Search - NonBrand,OMS,181971021779,stock control app,EXACT
Search - NonBrand,OMS,181971021779,sterling oms,EXACT
Search - NonBrand,OMS,181971021779,vtex ecommerce,EXACT
Search - NonBrand,OMS,181971021779,nuorder,EXACT
Search - NonBrand,OMS,181971021779,sos inventory,EXACT
Search - NonBrand,OMS,181971021779,purchase order policy and procedures,EXACT
Search - NonBrand,OMS,181971021779,cloud based order management system,EXACT
Search - NonBrand,OMS,181971021779,digital purchase order system,EXACT
Search - NonBrand,OMS,181971021779,carthero,EXACT
Search - NonBrand,OMS,181971021779,purchase order number generator,EXACT
Search - NonBrand,OMS,181971021779,orderhive,EXACT
Search - NonBrand,OMS,181971021779,shopify wholesale app,EXACT
Search - NonBrand,OMS,181971021779,skubana,EXACT
Search - NonBrand,OMS,181971021779,odoo inventory,EXACT
Search - NonBrand,OMS,181971021779,supply chain dashboard,EXACT
Search - NonBrand,OMS,181971021779,automated inventory systems,EXACT
Search - NonBrand,OMS,181971021779,octocom,EXACT
Search - NonBrand,OMS,181971021779,how purchase orders work,EXACT
Search - NonBrand,OMS,181971021779,salesforce order management,EXACT
Search - NonBrand,OMS,181971021779,order desk,EXACT
Search - NonBrand,OMS,181971021779,loyverse pos,EXACT
Search - NonBrand,OMS,181971021779,magaya supply chain,EXACT
Search - NonBrand,OMS,181971021779,urbanpiper,EXACT
Search - NonBrand,OMS,181971021779,rf smart,EXACT
Search - NonBrand,OMS,181971021779,loyverse,EXACT
Search - NonBrand,OMS,181971021779,pick to light,EXACT
Search - NonBrand,OMS,181971021779,dispatch science,EXACT
Search - NonBrand,OMS,181971021779,linnworks,EXACT
Search - NonBrand,OMS,181971021779,reorder point,EXACT
Search - NonBrand,OMS,181971021779,etail solutions,EXACT
Search - NonBrand,OMS,181971021779,relex,EXACT
Search - NonBrand,OMS,181971021779,supplier management system,EXACT
Search - NonBrand,OMS,181971021779,syncware,EXACT
Search - NonBrand,OMS,181971021779,order fulfillment strategies,EXACT
Search - NonBrand,OMS,181971021779,auto order,EXACT
Search - NonBrand,OMS,181971021779,fixed order quantity,EXACT
Search - NonBrand,OMS,181971021779,sana ecommerce,EXACT
Search - NonBrand,OMS,181971021779,veeqo,EXACT
Search - NonBrand,OMS,181971021779,best online ordering system for restaurants,EXACT
Search - NonBrand,OMS,181971021779,shopify order management,EXACT
Search - NonBrand,OMS,181971021779,order to cash process,EXACT
Search - NonBrand,OMS,181971021779,dsco,EXACT
Search - NonBrand,OMS,181971021779,how to manage inventory,EXACT
Search - NonBrand,OMS,181971021779,restaurant tablet ordering,EXACT
Search - NonBrand,OMS,181971021779,zenput,EXACT
Search - NonBrand,OMS,181971021779,order groove,EXACT
Search - NonBrand,OMS,181971021779,bigcommerce pos integration,EXACT
Search - NonBrand,OMS,181971021779,order manager,EXACT
Search - NonBrand,OMS,181971021779,you can,EXACT
Search - NonBrand,OMS,181971021779,sps commerce fulfillment,EXACT
Search - NonBrand,OMS,181971021779,order management system salesforce,EXACT
Search - NonBrand,OMS,181971021779,purchase order process steps,EXACT
Search - NonBrand,OMS,181971021779,ecomdash,EXACT
Search - NonBrand,OMS,181971021779,omni commerce,EXACT
Search - NonBrand,OMS,181971021779,powered by x cart shopping cart software,EXACT
Search - NonBrand,OMS,181971021779,commerce saas,EXACT
Search - NonBrand,OMS,181971021779,sana software,EXACT
Search - NonBrand,OMS,181971021779,smart order routing,EXACT
Search - NonBrand,OMS,181971021779,jazva,EXACT
Search - NonBrand,OMS,181971021779,sellercloud,EXACT
Search - NonBrand,OMS,181971021779,cart com,EXACT
Search - NonBrand,OMS,181971021779,korona pos,EXACT
Search - NonBrand,OMS,181971021779,tookan,EXACT
Search - NonBrand,OMS,181971021779,acceo smart vendor,EXACT
Search - NonBrand,OMS,181971021779,order fulfilment system,EXACT
Search - NonBrand,OMS,181971021779,what is oms,EXACT
Search - NonBrand,OMS,181971021779,purchase order invoice process flow chart,EXACT
Search - NonBrand,OMS,181971021779,dynamic eshop,EXACT
Search - NonBrand,OMS,181971021779,oracle order management system,EXACT
Search - NonBrand,OMS,181971021779,inventory source,EXACT
Search - NonBrand,OMS,181971021779,sana commerce,EXACT
Search - NonBrand,OMS,181971021779,chaindrive,EXACT
Search - NonBrand,OMS,181971021779,inventory tracking sheet,EXACT
Search - NonBrand,OMS,181971021779,order 2 cash process,EXACT
Search - NonBrand,OMS,181971021779,manage orders,EXACT
Search - NonBrand,OMS,181971021779,ginee,EXACT
Search - NonBrand,OMS,181971021779,digital purchase order,EXACT
Search - NonBrand,OMS,181971021779,serialization software,EXACT
Search - NonBrand,OMS,181971021779,medusa oms,EXACT
Search - NonBrand,OMS,181971021779,pick to light systems,EXACT
Search - NonBrand,OMS,181971021779,optima wms,EXACT
Search - NonBrand,OMS,181971021779,supplypoint,EXACT
Search - NonBrand,OMS,181971021779,punch out to go,EXACT
Search - NonBrand,OMS,181971021779,workflow automation in e commerce,EXACT
Search - NonBrand,OMS,181971021779,o9 solutions,EXACT
Search - NonBrand,OMS,181971021779,eoq formula,EXACT
Search - NonBrand,OMS,181971021779,manhattan oms,EXACT
Search - NonBrand,OMS,181971021779,manhattan order management,EXACT
Search - NonBrand,OMS,181971021779,corporate fulfillment systems,EXACT
Search - NonBrand,OMS,181971021779,salesorder,EXACT
Search - NonBrand,OMS,181971021779,global e,EXACT
Search - NonBrand,OMS,181971021779,zilliant,EXACT
Search - NonBrand,OMS,181971021779,edi automation,EXACT
Search - NonBrand,OMS,181971021779,centric software,EXACT
Search - NonBrand,OMS,181971021779,order protection,EXACT
Search - NonBrand,OMS,181971021779,warehouse app,EXACT
Search - NonBrand,OMS,181971021779,frogmi,EXACT
Search - NonBrand,OMS,181971021779,sterling order management system,EXACT
Search - NonBrand,OMS,181971021779,duoplane,EXACT
Search - NonBrand,OMS,181971021779,lot control,EXACT
Search - NonBrand,OMS,181971021779,smart order router,EXACT
Search - NonBrand,OMS,181971021779,grocery retail software,EXACT
Search - NonBrand,OMS,181971021779,cdk lightspeed,EXACT
Search - NonBrand,OMS,181971021779,cin7 pricing,EXACT
Search - NonBrand,OMS,181971021779,supplier score card,EXACT
Search - NonBrand,OMS,181971021779,kanban inventory cards,EXACT
Search - NonBrand,OMS,181971021779,iadvize,EXACT
Search - NonBrand,OMS,181971021779,endless aisle,EXACT
Search - NonBrand,OMS,181971021779,delivery platform,EXACT
Search - NonBrand,OMS,181971021779,ibm sterling order management,EXACT
Search - NonBrand,OMS,181971021779,salesforce order management system,EXACT
Search - NonBrand,OMS,181971021779,purchasing cycle steps,EXACT
Search - NonBrand,OMS,181971021779,nextorder,EXACT
Search - NonBrand,OMS,181971021779,evanik,EXACT
Search - NonBrand,OMS,181971021779,ivalua,EXACT
Search - NonBrand,OMS,181971021779,order fulfillment time,EXACT
Search - NonBrand,OMS,181971021779,sortly,EXACT
Search - NonBrand,OMS,181971021779,shopify for restaurants,EXACT
Search - NonBrand,OMS,181971021779,ordigo,EXACT
Search - NonBrand,OMS,181971021779,made4net,EXACT
Search - NonBrand,OMS,181971021779,purchase order flow chart,EXACT
Search - NonBrand,OMS,181971021779,o2c manager,EXACT
Search - NonBrand,OMS,181971021779,company orders,EXACT
Search - NonBrand,OMS,181971021779,order lifecycle,EXACT
Search - NonBrand,OMS,181971021779,easyorder,EXACT
Search - NonBrand,OMS,181971021779,receiving sop,EXACT
Search - NonBrand,OMS,181971021779,850 purchase order,EXACT
Search - NonBrand,OMS,181971021779,customer order,EXACT
Search - NonBrand,OMS,181971021779,tableside ordering,EXACT
Search - NonBrand,OMS,181971021779,parcellab,EXACT
Search - NonBrand,OMS,181971021779,how to track purchase orders,EXACT
Search - NonBrand,OMS,181971021779,cxml,EXACT
Search - NonBrand,OMS,181971021779,ordergroove,EXACT
Search - NonBrand,OMS,181971021779,order management salesforce,EXACT
Search - NonBrand,OMS,181971021779,voice picking,EXACT
Search - NonBrand,OMS,181971021779,oracle order to cash process flow,EXACT
Search - NonBrand,OMS,181971021779,nuorder inc,EXACT
Search - NonBrand,OMS,181971021779,store automation,EXACT
Search - NonBrand,OMS,181971021779,punchout catalog,EXACT
Search - NonBrand,OMS,181971021779,kyozou,EXACT
Search - NonBrand,OMS,181971021779,product sku,EXACT
Search - NonBrand,OMS,181971021779,supplier scorecard,EXACT
Search - NonBrand,OMS,181971021779,warehouse productivity metrics,EXACT
Search - NonBrand,OMS,181971021779,job ordering costing,EXACT
Search - NonBrand,OMS,181971021779,ibm maximo,EXACT
Search - NonBrand,OMS,181971021779,cycle count sop,EXACT
Search - NonBrand,OMS,181971021779,slim stock,EXACT
Search - NonBrand,OMS,181971021779,marketman,EXACT
Search - NonBrand,OMS,181971021779,netsuite order management,EXACT
Search - NonBrand,OMS,181971021779,provago,EXACT
Search - NonBrand,OMS,181971021779,sap memasspo,EXACT
Search - NonBrand,OMS,181971021779,shiphero,EXACT
Search - NonBrand,OMS,181971021779,order fulfillment kpi,EXACT
Search - NonBrand,OMS,181971021779,phone order software,EXACT
Search - NonBrand,OMS,181971021779,orderport,EXACT
Search - NonBrand,OMS,181971021779,lokad,EXACT
Search - NonBrand,OMS,181971021779,delivery management,EXACT
Search - NonBrand,OMS,181971021779,tookan app,EXACT
Search - NonBrand,OMS,181971021779,order picking accuracy,EXACT
Search - NonBrand,OMS,181971021779,shopify flow,EXACT
Search - NonBrand,OMS,181971021779,logiciel de gestion des fournisseurs,EXACT
Search - NonBrand,OMS,181971021779,centiro,EXACT
Search - NonBrand,OMS,181971021779,asenda,EXACT
Search - NonBrand,OMS,181971021779,inventory reorder point formula,EXACT
Search - NonBrand,OMS,181971021779,order to cash process steps,EXACT
Search - NonBrand,OMS,181971021779,order guide,EXACT
Search - NonBrand,OMS,181971021779,magento order management software,EXACT
Search - NonBrand,OMS,181971021779,serial number tracking system,EXACT
Search - NonBrand,OMS,181971021779,channelape,EXACT
Search - NonBrand,OMS,181971021779,teapplix,EXACT
Search - NonBrand,OMS,181971021779,peoplesoft order management,EXACT
Search - NonBrand,OMS,181971021779,warehouse receiving procedures,EXACT
Search - NonBrand,OMS,181971021779,modern pos,EXACT
Search - NonBrand,OMS,181971021779,warehouse goals,EXACT
Search - NonBrand,OMS,181971021779,ansi x12 edi 850,EXACT
Search - NonBrand,OMS,181971021779,omni channel inventory,EXACT
Search - NonBrand,OMS,181971021779,ibm sterling order management system,EXACT
Search - NonBrand,OMS,181971021779,magento oms,EXACT
Search - NonBrand,OMS,181971021779,opentext vendor invoice management,EXACT
Search - NonBrand,OMS,181971021779,production delivery,EXACT
Search - NonBrand,OMS,181971021779,order connect,EXACT
Search - NonBrand,OMS,181971021779,wholecell,EXACT
Search - NonBrand,OMS,181971021779,seller logic,EXACT
Search - NonBrand,OMS,181971021779,order to cash process flow chart,EXACT
Search - NonBrand,OMS,181971021779,loginext,EXACT
Search - NonBrand,OMS,181971021779,mint soft,EXACT
Search - NonBrand,OMS,181971021779,quickbooks order fulfillment,EXACT
Search - NonBrand,OMS,181971021779,cogsy,EXACT
Search - NonBrand,OMS,181971021779,apics safety stock calculation,EXACT
Search - NonBrand,OMS,181971021779,cloud based pos and inventory management,EXACT
Search - NonBrand,OMS,181971021779,ibm oms,EXACT
Search - NonBrand,OMS,181971021779,sana e commerce,EXACT
Search - NonBrand,OMS,181971021779,inventora,EXACT
Search - NonBrand,OMS,181971021779,logiwa,EXACT
Search - NonBrand,OMS,181971021779,lightspeed demo,EXACT
Search - NonBrand,OMS,181971021779,point of sale fulfilment,EXACT
Search - NonBrand,OMS,181971021779,aralco,EXACT
Search - NonBrand,OMS,181971021779,cin7 inventory management,EXACT
Search - NonBrand,OMS,181971021779,jungleworks,EXACT
Search - NonBrand,OMS,181971021779,smart order refill,EXACT
Search - NonBrand,OMS,181971021779,tacton cpq,EXACT
Search - NonBrand,OMS,181971021779,wiser solutions,EXACT
Search - NonBrand,OMS,181971021779,netstock,EXACT
Search - NonBrand,OMS,181971021779,reorder point calculation,EXACT
Search - NonBrand,OMS,181971021779,systemlogistics com,EXACT
Search - NonBrand,OMS,181971021779,iorder app,EXACT
Search - NonBrand,OMS,181971021779,ikas,EXACT
Search - NonBrand,OMS,181971021779,ordercup,EXACT
Search - NonBrand,OMS,181971021779,order analysis,EXACT
Search - NonBrand,OMS,181971021779,order co,EXACT
Search - NonBrand,OMS,181971021779,shopflow,EXACT
Search - NonBrand,OMS,181971021779,shipfusion,EXACT
Search - NonBrand,OMS,181971021779,shopify oms,EXACT
Search - NonBrand,OMS,181971021779,shopify fulfillment software,EXACT
Search - NonBrand,OMS,181971021779,order ease,EXACT
Search - NonBrand,OMS,181971021779,etsy order management software,EXACT
Search - NonBrand,OMS,181971021779,ordertime,EXACT
Search - NonBrand,OMS,181971021779,eze oms,EXACT
Search - NonBrand,OMS,181971021779,indata oms,EXACT
Search - NonBrand,OMS,181971021779,linedata oms,EXACT
Search - NonBrand,OMS,181971021779,sap ewm process flow,EXACT
Search - NonBrand,OMS,181971021779,production order form,EXACT
Search - NonBrand,OMS,181971021779,cust po,EXACT
Search - NonBrand,OMS,181971021779,sales warp,EXACT
Search - NonBrand,OMS,181971021779,honeycart,EXACT
Search - NonBrand,OMS,181971021779,ship hero,EXACT
Search - NonBrand,OMS,181971021779,order sync,EXACT
Search - NonBrand,OMS,181971021779,dynamics eshop,EXACT
Search - NonBrand,OMS,181971021779,picking methods in warehouse,EXACT
Search - NonBrand,OMS,181971021779,supply point,EXACT
Search - NonBrand,OMS,181971021779,om software,EXACT
Search - NonBrand,OMS,181971021779,multichannelworks,EXACT
Search - NonBrand,OMS,181971021779,multiorders,EXACT
Search - NonBrand,OMS,181971021779,storeautomator,EXACT
Search - NonBrand,OMS,181971021779,how to fulfill orders on shopify,EXACT
Search - NonBrand,OMS,181971021779,wordpress pizza order plugin,EXACT
Search - NonBrand,OMS,181971021779,ecommerce workflows,EXACT
Search - NonBrand,OMS,181971021779,logiwa wms,EXACT
Search - NonBrand,OMS,181971021779,nat pos,EXACT
Search - NonBrand,OMS,181971021779,eworkorders cmms,EXACT
Search - NonBrand,OMS,181971021779,infiplex oms,EXACT
Search - NonBrand,OMS,181971021779,stone edge order management,EXACT
Search - NonBrand,OMS,181971021779,narvar,EXACT
Search - NonBrand,OMS,181971021779,vtex oms,EXACT
Search - NonBrand,OMS,181971021779,order entry process flow chart,EXACT
Search - NonBrand,OMS,181971021779,order to cash domain,EXACT
Search - NonBrand,OMS,181971021779,oms amazon,EXACT
Search - NonBrand,OMS,181971021779,loopreturns,EXACT
Search - NonBrand,OMS,181971021779,handifox online,EXACT
Search - NonBrand,OMS,181971021779,oracle fulfillment,EXACT
Search - NonBrand,OMS,181971021779,orderlink,EXACT
Search - NonBrand,OMS,181971021779,custompoint rrd,EXACT
Search - NonBrand,OMS,181971021779,create online ordering app,EXACT
Search - NonBrand,OMS,181971021779,orderful,EXACT
Search - NonBrand,OMS,181971021779,takepos,EXACT
Search - NonBrand,OMS,181971021779,oracle ebs order management,EXACT
Search - NonBrand,OMS,181971021779,infor rhythm for commerce,EXACT
Search - NonBrand,OMS,181971021779,infor os,EXACT
Search - NonBrand,OMS,181971021779,cuboh,EXACT
Search - NonBrand,OMS,181971021779,retailmax,EXACT
Search - NonBrand,OMS,181971021779,lightspeed commerce,EXACT
Search - NonBrand,OMS,181971021779,fluent commerce,EXACT
Search - NonBrand,OMS,181971021779,shopify airtable,EXACT
Search - NonBrand,OMS,181971021779,ordable,EXACT
Search - NonBrand,OMS,181971021779,how do stores keep track of inventory,EXACT
Search - NonBrand,OMS,181971021779,pulpo wms,EXACT
Search - NonBrand,OMS,181971021779,ibm sterling oms,EXACT
Search - NonBrand,OMS,181971021779,flxpoint,EXACT
Search - NonBrand,OMS,181971021779,sales orders quickbooks online,EXACT
Search - NonBrand,OMS,181971021779,amazon punchout,EXACT
Search - NonBrand,OMS,181971021779,streamline order fulfillment,EXACT
Search - NonBrand,OMS,181971021779,woocommerce purchase order plugin,EXACT
Search - NonBrand,OMS,181971021779,bonfire procurement,EXACT
Search - NonBrand,OMS,181971021779,shopify integration with clover,EXACT
Search - NonBrand,OMS,181971021779,salesforce oms,EXACT
Search - NonBrand,OMS,181971021779,process weaver,EXACT
Search - NonBrand,OMS,181971021779,processweaver,EXACT
Search - NonBrand,OMS,181971021779,deliverect,EXACT
Search - NonBrand,OMS,181971021779,trackpod,EXACT
Search - NonBrand,OMS,181971021779,amazon mcf,EXACT
Search - NonBrand,OMS,181971021779,auto po,EXACT
Search - NonBrand,OMS,181971021779,unilog ecommerce,EXACT
Search - NonBrand,OMS,181971021779,b2b order form,EXACT
Search - NonBrand,OMS,181971021779,freshbytes,EXACT
Search - NonBrand,OMS,181971021779,prediko,EXACT
Search - NonBrand,OMS,181971021779,vndly,EXACT
Search - NonBrand,OMS,181971021779,order fulfillment steps,EXACT
Search - NonBrand,OMS,181971021779,oracle order,EXACT
Search - NonBrand,OMS,181971021779,darwynn,EXACT
Search - NonBrand,OMS,181971021779,teapplix com,EXACT
Search - NonBrand,OMS,181971021779,warehousing 101,EXACT
Search - NonBrand,OMS,181971021779,mintsoft,EXACT
Search - NonBrand,OMS,181971021779,laravel point of sale,EXACT
Search - NonBrand,OMS,181971021779,klarys,EXACT
Search - NonBrand,OMS,181971021779,cartrover,EXACT
Search - NonBrand,OMS,181971021779,onestock,EXACT
Search - NonBrand,OMS,181971021779,restolabs,EXACT
Search - NonBrand,OMS,181971021779,toolsgroup so99+,EXACT
Search - NonBrand,OMS,181971021779,newsvendor,EXACT
Search - NonBrand,OMS,181971021779,woocommerce multi location,EXACT
Search - NonBrand,OMS,181971021779,e comm solutions,EXACT
Search - NonBrand,OMS,181971021779,omp supply chain,EXACT
Search - NonBrand,OMS,181971021779,oracle o2c cycle,EXACT
Search - NonBrand,OMS,181971021779,salesforce order entry,EXACT
Search - NonBrand,OMS,181971021779,way2order,EXACT
Search - NonBrand,OMS,181971021779,apicbase,EXACT
Search - NonBrand,OMS,181971021779,nomad go,EXACT
Search - NonBrand,OMS,181971021779,what is purchase order system,EXACT
Search - NonBrand,OMS,181971021779,superorder,EXACT
Search - NonBrand,OMS,181971021779,mageworx order management,EXACT
Search - NonBrand,OMS,181971021779,inventory cycle count best practices,EXACT
Search - NonBrand,OMS,181971021779,iata one order,EXACT
Search - NonBrand,OMS,181971021779,asrs automated storage and retrieval system,EXACT
Search - NonBrand,OMS,181971021779,advarics,EXACT
Search - NonBrand,OMS,181971021779,ordering web,EXACT
Search - NonBrand,OMS,181971021779,commande b2b,EXACT
Search - NonBrand,OMS,181971021779,sku iq,EXACT
Search - NonBrand,OMS,181971021779,automate shopify store,EXACT
Search - NonBrand,OMS,181971021779,odoo implementation process,EXACT
Search - NonBrand,OMS,181971021779,logistify ai,EXACT
Search - NonBrand,OMS,181971021779,order tracking process,EXACT
Search - NonBrand,OMS,181971021779,supplier selection scorecard,EXACT
Search - NonBrand,OMS,181971021779,so stocked,EXACT
Search - NonBrand,OMS,181971021779,radial order management,EXACT
Search - NonBrand,OMS,181971021779,keepstock,EXACT
Search - NonBrand,OMS,181971021779,lingaros,EXACT
Search - NonBrand,OMS,181971021779,fulfil io,EXACT
Search - NonBrand,OMS,181971021779,workflow for purchase order,EXACT
Search - NonBrand,OMS,181971021779,order management ebay,EXACT
Search - NonBrand,OMS,181971021779,bulk order form woocommerce,EXACT
Search - NonBrand,OMS,181971021779,remindax,EXACT
Search - NonBrand,OMS,181971021779,what are executive orders,EXACT
Search - NonBrand,OMS,181971021779,abitnow,EXACT
Search - NonBrand,OMS,181971021779,kwi inc,EXACT
Search - NonBrand,OMS,181971021779,cross docking in warehouse,EXACT
Search - NonBrand,OMS,181971021779,sap ewm processes,EXACT
Search - NonBrand,OMS,181971021779,logi d,EXACT
Search - NonBrand,OMS,181971021779,wholesale shopify app,EXACT
Search - NonBrand,OMS,181971021779,qdms fulfillment,EXACT
Search - NonBrand,OMS,181971021779,oms salesforce,EXACT
Search - NonBrand,OMS,181971021779,order aggregator,EXACT
Search - NonBrand,OMS,181971021779,cloudwaitress,EXACT
Search - NonBrand,OMS,181971021779,order ai,EXACT
Search - NonBrand,OMS,181971021779,shopify catalog management,EXACT
Search - NonBrand,OMS,181971021779,grid order management netsuite,EXACT
Search - NonBrand,OMS,181971021779,purchase order tracking sheet,EXACT
Search - NonBrand,OMS,181971021779,fluent order management,EXACT
Search - NonBrand,OMS,181971021779,request fulfillment process flow,EXACT
Search - NonBrand,OMS,181971021779,iorders,EXACT
Search - NonBrand,OMS,181971021779,order management system github,EXACT
Search - NonBrand,OMS,181971021779,buyers edge platform,EXACT
Search - NonBrand,OMS,181971021779,odoo point of sales,EXACT
Search - NonBrand,OMS,181971021779,deckcommerce,EXACT
Search - NonBrand,OMS,181971021779,ai ordering system,EXACT
Search - NonBrand,OMS,181971021779,sos pricing,EXACT
Search - NonBrand,OMS,181971021779,jit systems,EXACT
Search - NonBrand,OMS,181971021779,use pepper,EXACT
Search - NonBrand,OMS,181971021779,deliver by linkeo,EXACT
Search - NonBrand,OMS,181971021779,mesa shopify,EXACT
Search - NonBrand,OMS,181971021779,jolt fulfillment system,EXACT
Search - NonBrand,OMS,181971021779,how to maintain restaurant inventory,EXACT
Search - NonBrand,OMS,181971021779,woocommerce role based methods,EXACT
Search - NonBrand,OMS,181971021779,swagger order,EXACT
Search - NonBrand,OMS,181971021779,taliup,EXACT
Search - NonBrand,OMS,181971021779,servicenow order management,EXACT
Search - NonBrand,OMS,181971021779,receiving process in warehouse,EXACT
Search - NonBrand,OMS,181971021779,brightpearl oms,EXACT
Search - NonBrand,OMS,181971021779,radial oms,EXACT
Search - NonBrand,OMS,181971021779,optiply,EXACT
Search - NonBrand,OMS,181971021779,orderms,EXACT
Search - NonBrand,OMS,181971021779,odoo shipstation,EXACT
Search - NonBrand,OMS,181971021779,shipday,EXACT
Search - NonBrand,OMS,181971021779,order alert for woocommerce,EXACT
Search - NonBrand,OMS,181971021779,zendrop,BROAD
Search - NonBrand,OMS,181971021779,nextbillion ai,EXACT
Search - NonBrand,OMS,181971021779,otter order manager,EXACT
Search - NonBrand,OMS,181971021779,orderry,EXACT
Search - NonBrand,OMS,181971021779,sap oms,EXACT
Search - NonBrand,OMS,181971021779,shopify stocky app,EXACT
Search - NonBrand,OMS,181971021779,cpg order management,EXACT
Search - NonBrand,OMS,181971021779,salesforce order of operations,EXACT
Search - NonBrand,OMS,181971021779,shipday delivery,EXACT
Search - NonBrand,OMS,181971021779,envista oms,EXACT
Search - NonBrand,OMS,181971021779,sop for inventory control,EXACT
Search - NonBrand,OMS,181971021779,aleran software,EXACT
Search - NonBrand,OMS,181971021779,yodify,EXACT
Search - NonBrand,OMS,181971021779,dynamics 365 intelligent order management,EXACT
Search - NonBrand,OMS,181971021779,odoo oms,EXACT
Search - NonBrand,OMS,181971021779,how a purchase order works,EXACT
Search - NonBrand,OMS,181971021779,prettydamnquick,EXACT
Search - NonBrand,OMS,181971021779,deliverect competitors,EXACT
Search - NonBrand,OMS,181971021779,order management oracle fusion,EXACT
Search - NonBrand,OMS,181971021779,orderlytics,EXACT
Search - NonBrand,OMS,181971021779,retail dimensions,EXACT
Search - NonBrand,OMS,181971021779,ups order management system,EXACT
Search - NonBrand,OMS,181971021779,nex e commerce,EXACT
Search - NonBrand,OMS,181971021779,janis oms,EXACT
Search - NonBrand,OMS,181971021779,deliverect demo,EXACT
Search - NonBrand,OMS,181971021779,oms manhattan,EXACT
Search - NonBrand,OMS,181971021779,enopoly,BROAD
Search - NonBrand,OMS,181971021779,orders tracking for woocommerce,EXACT
Search - NonBrand,OMS,181971021779,ecom flow,EXACT
Search - NonBrand,OMS,181971021779,deposco bright suite,EXACT
Search - NonBrand,OMS,181971021779,oracle ordering,EXACT
Search - NonBrand,OMS,181971021779,kion software,EXACT
Search - NonBrand,OMS,181971021779,digital twins supply chain,EXACT
Search - NonBrand,OMS,181971021779,how to make sku for products,EXACT
Search - NonBrand,OMS,181971021779,malomo,EXACT
Search - NonBrand,OMS,181971021779,broadridge oms,EXACT
Search - NonBrand,OMS,181971021779,apex order pickup solutions,EXACT
Search - NonBrand,OMS,181971021779,lightspeed nuorder,EXACT
Search - NonBrand,OMS,181971021779,ordergrid,EXACT
Search - NonBrand,OMS,181971021779,fluent commerce oms,EXACT
Search - NonBrand,OMS,181971021779,woocommerce order approval,EXACT
Search - NonBrand,OMS,181971021779,conexium,EXACT
Search - NonBrand,OMS,181971021779,masonhub,EXACT
Search - NonBrand,OMS,181971021779,fabric oms,EXACT
Search - NonBrand,OMS,181971021779,quickbooks sales order fulfillment worksheet,EXACT
Search - NonBrand,OMS,181971021779,skusavvy,EXACT
Search - NonBrand,OMS,181971021779,orderease,EXACT
Search - NonBrand,OMS,181971021779,orodor,EXACT
Search - NonBrand,OMS,181971021779,ordering com,EXACT
Search - NonBrand,OMS,181971021779,fluent oms,EXACT
Search - NonBrand,OMS,181971021779,cartpanda,EXACT
Search - NonBrand,OMS,181971021779,amazon veeqo,EXACT
Search - NonBrand,OMS,181971021779,cuboh competitors,EXACT
Search - NonBrand,OMS,181971021779,infiplex,EXACT
Search - NonBrand,OMS,181971021779,dydacomp freestyle,EXACT
Search - NonBrand,OMS,181971021779,orderstream,EXACT
Search - NonBrand,OMS,181971021779,nuorder by lightspeed,EXACT
Search - NonBrand,OMS,181971021779,fulfill io,EXACT
Search - NonBrand,OMS,181971021779,commercetools order management,EXACT
Search - NonBrand,OMS,181971021779,orderfull,EXACT
Search - NonBrand,OMS,181971021779,gestion de bon de commande,EXACT
Search - NonBrand,OMS,181971021779,sqquid,EXACT
Search - NonBrand,OMS,181971021779,gartner order to cash,EXACT
Search - NonBrand,OMS,181971021779,cdk pricing,EXACT
Search - NonBrand,OMS,181971021779,edi as a b2b tool,EXACT
Search - NonBrand,OMS,181971021779,how to create a po system,EXACT
Search - NonBrand,OMS,181971021779,orderwerks,EXACT
Search - NonBrand,OMS,181971021779,monday order management,EXACT
Search - NonBrand,OMS,181971021779,invafresh,EXACT
Search - NonBrand,OMS,181971021779,orderhive cin7,EXACT
Search - NonBrand,OMS,181971021779,how to determine wholesale pricing,EXACT
Search - NonBrand,OMS,181971021779,order tracking ui,EXACT
Search - NonBrand,OMS,181971021779,retail decision tools,EXACT
Search - NonBrand,OMS,181971021779,stone edge oms,EXACT
Search - NonBrand,OMS,181971021779,min max inventory control,EXACT
Search - NonBrand,OMS,181971021779,consumer goods plm,EXACT
Search - NonBrand,OMS,181971021779,how to implement a kanban inventory system,EXACT
Search - NonBrand,OMS,181971021779,adobe oms,EXACT
Search - NonBrand,OMS,181971021779,stock68,EXACT
Search - NonBrand,OMS,181971021779,jewel360,EXACT
Search - NonBrand,OMS,181971021779,wis inventory solutions,EXACT
Search - NonBrand,OMS,181971021779,calculate reorder point with safety stock,EXACT
Search - NonBrand,OMS,181971021779,oracle siocs,EXACT
Search - NonBrand,OMS,181971021779,order desk integrations,EXACT
Search - NonBrand,OMS,181971021779,oms overview,EXACT
Search - NonBrand,OMS,181971021779,自動 発注 システム 小売,EXACT
Search - NonBrand,OMS,181971021779,how to calculate slow moving inventory,EXACT
Search - NonBrand,OMS,181971021779,pomesys,EXACT
Search - NonBrand,OMS,181971021779,plm for specialty retailers,EXACT
Search - NonBrand,OMS,181971021779,inventory classification methods,EXACT
Search - NonBrand,OMS,181971021779,aerorders,EXACT
Search - NonBrand,OMS,181971021779,darwynn fulfillment,EXACT
Search - NonBrand,OMS,181971021779,orders4u,EXACT
Search - NonBrand,OMS,181971021779,orderwis,EXACT
Search - NonBrand,OMS,181971021779,wms po,EXACT
Search - NonBrand,OMS,181971021779,olo omnivore,EXACT
Search - NonBrand,OMS,181971021779,ordefy,EXACT
Search - NonBrand,OMS,181971021779,how do i create sku numbers for products,EXACT
Search - NonBrand,OMS,181971021779,dckap integrator,EXACT
Search - NonBrand,OMS,181971021779,packiyo,EXACT
Search - NonBrand,OMS,181971021779,orderz,EXACT
Search - NonBrand,OMS,181971021779,automated import reference system,EXACT
Search - NonBrand,OMS,181971021779,order management interface,EXACT
Search - NonBrand,OMS,181971021779,oracle order to cash training,EXACT
Search - NonBrand,OMS,181971021779,traverse systems,EXACT
Search - NonBrand,OMS,181971021779,onro app,EXACT
Search - NonBrand,OMS,181971021779,b2b wholesale solution shopify,EXACT
Search - NonBrand,OMS,181971021779,orderai,EXACT
Search - NonBrand,OMS,181971021779,extensiv order manager,EXACT
Search - NonBrand,OMS,181971021779,digitbridge,EXACT
Search - NonBrand,OMS,181971021779,scrollengine,EXACT
Search - NonBrand,OMS,181971021779,cin7 core,EXACT
Search - NonBrand,OMS,181971021779,cin7 omni,EXACT
Search - NonBrand,OMS,181971021779,ethos tracking,EXACT
Search - NonBrand,OMS,181971021779,salesforce oms implementation guide,EXACT
Search - NonBrand,OMS,181971021779,lightspeed s series,EXACT
Search - NonBrand,OMS,181971021779,thrive inventory by shopventory,EXACT
Search - NonBrand,OMS,181971021779,cleverific,EXACT
Search - NonBrand,OMS,181971021779,sap order management for sourcing and availability,EXACT
Search - NonBrand,OMS,181971021779,plm for ecommerce,EXACT
Search - NonBrand,OMS,181971021779,buyonik,EXACT
Search - NonBrand,OMS,181971021779,orderdigitalsolutions,EXACT
Search - NonBrand,OMS,181971021779,flavorcloud,EXACT
Search - NonBrand,OMS,181971021779,usepepper,EXACT
Search - NonBrand,OMS,181971021779,min max levels in inventory,EXACT
Search - NonBrand,OMS,181971021779,ecomflow,EXACT
Search - NonBrand,OMS,181971021779,automatic release of sales orders d365,EXACT
Search - NonBrand,OMS,181971021779,lifecycle of an order,EXACT
Search - NonBrand,OMS,181971021779,depsco,EXACT
Search - NonBrand,OMS,181971021779,order online ai,EXACT
Search - NonBrand,OMS,181971021779,hopstack,EXACT
Search - NonBrand,OMS,181971021779,nextbyn,EXACT
Search - NonBrand,OMS,181971021779,average order value benchmark,EXACT
Search - NonBrand,OMS,181971021779,ai orders,EXACT
Search - NonBrand,OMS,181971021779,cin7core,EXACT
Search - NonBrand,OMS,181971021779,hyperzod,EXACT
Search - NonBrand,OMS,181971021779,bbu ion com,EXACT
Search - NonBrand,OMS,181971021779,app next nuorder,EXACT
Search - NonBrand,OMS,181971021779,centric planning,EXACT
Search - NonBrand,OMS,181971021779,skulibrary,EXACT
Search - NonBrand,OMS,181971021779,intercompany purchase order,EXACT
Search - NonBrand,OMS,181971021779,korber oms,EXACT
Search - NonBrand,OMS,181971021779,sap flexible workflow for purchase order,EXACT
Search - NonBrand,OMS,181971021779,s q c d p,EXACT
Search - NonBrand,OMS,181971021779,order up to inventory model,EXACT
Search - NonBrand,OMS,181971021779,lboe prep,EXACT
Search - NonBrand,OMS,181971021779,wrangle io,EXACT
Search - NonBrand,OMS,181971021779,order41,EXACT
Search - NonBrand,OMS,181971021779,how do i make a purchase order,EXACT
Search - NonBrand,OMS,181971021779,orderful company,EXACT
Search - NonBrand,OMS,181971021779,orderful linkedin,EXACT
Search - NonBrand,OMS,181971021779,activepieces pricing,EXACT
Search - NonBrand,OMS,181971021779,opedock,EXACT
Search - NonBrand,OMS,181971021779,xtensiv,EXACT
Search - NonBrand,OMS,181971021779,cartpanda com,EXACT
Search - NonBrand,OMS,181971021779,s&op process implementation,EXACT
Search - NonBrand,OMS,181971021779,koerber oms,EXACT
Search - NonBrand,OMS,181971021779,cin7 sales orders,EXACT
Search - NonBrand,OMS,181971021779,shopify mesa,EXACT
Search - NonBrand,OMS,181971021779,tiktok shop inventory management,EXACT
Search - NonBrand,OMS,181971021779,kardex power pick system,EXACT
Search - NonBrand,OMS,181971021779,servicenow som,EXACT
Search - NonBrand,OMS,181971021779,deck oms,EXACT
Search - NonBrand,OMS,181971021779,how to improve order accuracy in restaurant,EXACT
Search - NonBrand,OMS,181971021779,auto purchase orders,EXACT
Search - NonBrand,OMS,181971021779,quadient wts,EXACT
Search - NonBrand,OMS,181971021779,ordering lead time,EXACT
Search - NonBrand,OMS,181971021779,new horizon ai,EXACT
Search - NonBrand,OMS,181971021779,fynd oms,EXACT
Search - NonBrand,OMS,181971021779,flipwise,BROAD
Search - NonBrand,OMS,181971021779,edi ecommerce order processing,EXACT
Search - NonBrand,OMS,181971021779,eci evolutionx,EXACT
Search - NonBrand,OMS,181971021779,eze oms competitors,EXACT
Search - NonBrand,OMS,181971021779,order guide for restaurant,EXACT
Search - NonBrand,OMS,181971021779,spares planning and control,EXACT
Search - NonBrand,OMS,181971021779,easify product options,EXACT
Search - NonBrand,OMS,181971021779,agentic workflows,EXACT
Search - NonBrand,OMS,181971021779,quivers com,EXACT
Search - NonBrand,OMS,181971021779,how do companies decide which inventory system to use,EXACT
Search - NonBrand,OMS,181971021779,retail ready ai,EXACT
Search - NonBrand,OMS,181971021779,omnione sales and orders,EXACT
Search - NonBrand,OMS,181971021779,omnigate systems,EXACT
Search - NonBrand,OMS,181971021779,order fulfillment accuracy,EXACT
Search - NonBrand,OMS,181971021779,teamworks inventory management,EXACT
Search - NonBrand,OMS,181971021779,pip17,EXACT
Search - NonBrand,OMS,181971021779,caratiq,EXACT
Search - NonBrand,OMS,181971021779,ordergenius,EXACT
Search - NonBrand,OMS,181971021779,how to create wholesale orders on shopify,EXACT
Search - NonBrand,OMS,181971021779,intelligent ordering system bbu,EXACT
Search - NonBrand,OMS,181971021779,agentic commerce,EXACT
Search - NonBrand,OMS,181971021779,sales order agent business central,EXACT
Search - NonBrand,OMS,181971021779,order management with printify connect,EXACT
Search - NonBrand,OMS,181971021779,ai order entry,EXACT
Search - NonBrand,OMS,181971021779,how to determine reorder point and reorder quantity,EXACT
Search - NonBrand,OMS,181971021779,augmodo,EXACT
Search - NonBrand,OMS,181971021779,bapi_salesorder_createfromdat2,EXACT
Search - NonBrand,OMS,181971021779,company vehicle operations online ordering system,EXACT
Search - NonBrand,OMS,181971021779,3p mercury,EXACT
Search - NonBrand,OMS,181971021779,infios wms,EXACT
Search - NonBrand,OMS,181971021779,commerce control center,EXACT
Search - NonBrand,OMS,181971021779,workmate shopify,EXACT
Search - NonBrand,OMS,181971021779,freshservice purchase order management,EXACT
Search - NonBrand,OMS,181971021779,maintainx procedure library,EXACT
Search - NonBrand,OMS,181971021779,rithum dsco,EXACT
Search - NonBrand,OMS,181971021779,openai commerce,EXACT
Search - NonBrand,OMS,181971021779,orderpro analytics,EXACT
Search - NonBrand,OMS,181971021779,aiq commerce,EXACT
Search - NonBrand,OMS,181971021779,life cycle of an order,EXACT
Search - NonBrand,OMS,181971021779,rop roq,EXACT
Search - NonBrand,OMS,181971021779,iflowgo,EXACT
Search - NonBrand,OMS,181971021779,tmf638,EXACT
Search - NonBrand,OMS,181971021779,oracle order administration tool,EXACT
Search - NonBrand,OMS,181971021779,camera recording for fulfillment packing orders,EXACT
Search - NonBrand,OMS,181971021779,open order report,EXACT
Search - NonBrand,OMS,181971021779,ordersplus,EXACT
Search - NonBrand,OMS,181971021779,product category hierarchy,EXACT
Search - NonBrand,OMS,181971021779,request fulfillment workflow,EXACT
Search - NonBrand,OMS,181971021779,takeorder ai,EXACT
Search - NonBrand,OMS,181971021779,radial ordering system,EXACT
Search - NonBrand,OMS,181971021779,getdyniq,EXACT
Search - NonBrand,OMS,181971021779,how to reduce backorders,EXACT
Search - NonBrand,OMS,181971021779,build to stock vs build to order,EXACT
Search - NonBrand,OMS,181971021779,smoothcommerce,EXACT
Search - NonBrand,OMS,181971021779,tmf622,EXACT
Search - NonBrand,OMS,181971021779,vendor managed inventory for ecommerce texas,EXACT
Search - NonBrand,OMS,181971021779,managing delivery replenishment,EXACT
Search - NonBrand,OMS,181971021779,nango status,EXACT
Search - NonBrand,OMS,181971021779,motogo systems,EXACT
Search - NonBrand,OMS,181971021779,catering delivery tracking,EXACT
Search - NonBrand,OMS,181971021779,dtc order processing costs,EXACT
Search - NonBrand,OMS,181971021779,a b c classification,EXACT
Search - NonBrand,OMS,181971021779,fifo process flow chart,EXACT
Search - NonBrand,OMS,181971021779,yard management rtls,EXACT
Search - NonBrand,Agentic Commerce,182733968542,shipify,BROAD
Search - NonBrand,Agentic Commerce,182733968542,you can,EXACT
Search - NonBrand,Agentic Commerce,182733968542,global e,EXACT
Search - NonBrand,Agentic Commerce,182733968542,buyers edge platform,EXACT
Search - NonBrand,Agentic Commerce,182733968542,zendrop,BROAD
Search - NonBrand,Agentic Commerce,182733968542,enopoly,BROAD
Search - NonBrand,Agentic Commerce,182733968542,flipwise,BROAD
Search - NonBrand,NB - General B2B,184871850902,fulfillment,PHRASE
Search - NonBrand,NB - General B2B,184871850902,order management,PHRASE
Search - NonBrand,NB - General B2B,184871850902,returns management,PHRASE
Search - NonBrand,NB - General B2B,184871850902,oms,PHRASE
Search - NonBrand,NB - General B2B,184871850902,best b2b websites,EXACT
Search - NonBrand,NB - General B2B,184871850902,reverse logistics,PHRASE
Search - NonBrand,NB - General B2B,184871850902,inventory visibility,PHRASE
