keyword,match_type,criterion_id,final_urls,ad_group_name,ad_group_id,campaign_name,campaign_id
cart,BROAD,10237001,[],B2B EComm,181971021539,Search - NonBrand,22740783748
marketplace,BROAD,10453181,[],B2B EComm,181971021539,Search - NonBrand,22740783748
what,BROAD,10544921,[],B2B EComm,181971021539,Search - NonBrand,22740783748
marketplaces,BROAD,11520691,[],B2B EComm,181971021539,Search - NonBrand,22740783748
b2c,BROAD,11849970,[],B2B EComm,181971021539,Search - NonBrand,22740783748
ecplaza,BROAD,15164190,[],B2B EComm,181971021539,Search - NonBrand,22740783748
b2b marketplace,EXACT,60330590,[],B2B EComm,181971021539,Search - NonBrand,22740783748
b2b commerce solution,EXACT,13764502544,['https://kibocommerce.com/solutions/b2b/'],B2B EComm,181971021539,Search - NonBrand,22740783748
b2b ecommerce integration,EXACT,14008732113,['https://kibocommerce.com/platform/connect-hub/'],B2B EComm,181971021539,Search - NonBrand,22740783748
multi-location inventory management,EXACT,66292757648,['https://kibocommerce.com/platform/inventory-visibility/'],B2B EComm,181971021539,Search - NonBrand,22740783748
b2b ecommerce solution,EXACT,295811616670,['https://kibocommerce.com/solutions/b2b/'],B2B EComm,181971021539,Search - NonBrand,22740783748
b2b commerce software,EXACT,297982384973,['https://kibocommerce.com/solutions/b2b/'],B2B EComm,181971021539,Search - NonBrand,22740783748
b2b mobile commerce,EXACT,297982385693,['https://kibocommerce.com/solutions/b2b/'],B2B EComm,181971021539,Search - NonBrand,22740783748
business to business ecommerce software,EXACT,297982387093,[],B2B EComm,181971021539,Search - NonBrand,22740783748
top b2b ecommerce platforms,EXACT,298374785735,['https://kibocommerce.com/solutions/b2b/'],B2B EComm,181971021539,Search - NonBrand,22740783748
unified commerce,EXACT,298836115570,['https://kibocommerce.com/'],B2B EComm,181971021539,Search - NonBrand,22740783748
unified commerce platform,EXACT,298836115610,['https://kibocommerce.com/'],B2B EComm,181971021539,Search - NonBrand,22740783748
b2b commerce platform,EXACT,298863686055,['https://kibocommerce.com/solutions/b2b/'],B2B EComm,181971021539,Search - NonBrand,22740783748
best b2b ecommerce software,EXACT,301754524293,[],B2B EComm,181971021539,Search - NonBrand,22740783748
b2b ecommerce system,EXACT,304812793115,['https://kibocommerce.com/solutions/b2b/'],B2B EComm,181971021539,Search - NonBrand,22740783748
b2b e business,EXACT,307577095616,[],B2B EComm,181971021539,Search - NonBrand,22740783748
best b2b ecommerce platforms,EXACT,313614260320,['https://kibocommerce.com/solutions/b2b/'],B2B EComm,181971021539,Search - NonBrand,22740783748
b2b catalog management,EXACT,327133208787,['https://kibocommerce.com/platform/catalog-price-promo/'],B2B EComm,181971021539,Search - NonBrand,22740783748
syncee,BROAD,345690169368,[],B2B EComm,181971021539,Search - NonBrand,22740783748
wholesale distribution platform,EXACT,347267881823,[],B2B EComm,181971021539,Search - NonBrand,22740783748
marketplace global,EXACT,380517280939,[],B2B EComm,181971021539,Search - NonBrand,22740783748
headless b2b ecommerce,EXACT,400440950789,['https://kibocommerce.com/solutions/b2b/'],B2B EComm,181971021539,Search - NonBrand,22740783748
b2b ecommerce services,EXACT,463074009800,['https://kibocommerce.com/solutions/b2b/'],B2B EComm,181971021539,Search - NonBrand,22740783748
ecommerce b2b solutions,EXACT,527202604272,[],B2B EComm,181971021539,Search - NonBrand,22740783748
manufacturer ecommerce platform,EXACT,568619230228,[],B2B EComm,181971021539,Search - NonBrand,22740783748
b2b ecommerce platform demo,BROAD,899419601713,[],B2B EComm,181971021539,Search - NonBrand,22740783748
leading b2b ecommerce platform,EXACT,918954964218,[],B2B EComm,181971021539,Search - NonBrand,22740783748
global trade plaza,EXACT,1244388229400,[],B2B EComm,181971021539,Search - NonBrand,22740783748
b2b omnichannel ecommerce platform,BROAD,1272558238308,[],B2B EComm,181971021539,Search - NonBrand,22740783748
wholesale marketplace for retailers,EXACT,1393362944575,[],B2B EComm,181971021539,Search - NonBrand,22740783748
enterprise digital commerce platform,EXACT,1663918539551,[],B2B EComm,181971021539,Search - NonBrand,22740783748
enterprise b2b ecommerce platform,EXACT,2405611383551,[],B2B EComm,181971021539,Search - NonBrand,22740783748
b2b digital storefront,EXACT,2407691319291,[],B2B EComm,181971021539,Search - NonBrand,22740783748
enterprise b2b commerce transformation,EXACT,2444849743904,[],B2B EComm,181971021539,Search - NonBrand,22740783748
complex b2b catalog management,EXACT,2444849744064,[],B2B EComm,181971021539,Search - NonBrand,22740783748
enterprise commerce consolidation,EXACT,2444849744104,[],B2B EComm,181971021539,Search - NonBrand,22740783748
legacy b2b ecommerce replacement,EXACT,2444849744344,[],B2B EComm,181971021539,Search - NonBrand,22740783748
b2b commerce complexity,EXACT,2612018023112,[],B2B EComm,181971021539,Search - NonBrand,22740783748
developers,BROAD,10231321,[],B2C EComm,181971021579,Search - NonBrand,22740783748
b2b,BROAD,10269851,[],B2C EComm,181971021579,Search - NonBrand,22740783748
https,BROAD,10345131,[],B2C EComm,181971021579,Search - NonBrand,22740783748
avex,BROAD,15346322,[],B2C EComm,181971021579,Search - NonBrand,22740783748
cs cart,EXACT,1088317951,[],B2C EComm,181971021579,Search - NonBrand,22740783748
b2c ecommerce software,EXACT,295811618350,['https://kibocommerce.com/platform/commerce/'],B2C EComm,181971021579,Search - NonBrand,22740783748
b2c ecommerce solution,EXACT,295811618390,['https://kibocommerce.com/platform/commerce/'],B2C EComm,181971021579,Search - NonBrand,22740783748
b2c ecommerce platform,EXACT,298863686135,['https://kibocommerce.com/platform/commerce/'],B2C EComm,181971021579,Search - NonBrand,22740783748
b2c commerce,EXACT,299876574845,['https://kibocommerce.com/platform/commerce/'],B2C EComm,181971021579,Search - NonBrand,22740783748
seller center,EXACT,300745650424,[],B2C EComm,181971021579,Search - NonBrand,22740783748
us direct ecommerce ltd,EXACT,511712610847,[],B2C EComm,181971021579,Search - NonBrand,22740783748
commerce 7,EXACT,586697373244,[],B2C EComm,181971021579,Search - NonBrand,22740783748
b2c digital storefront,EXACT,2269475543508,[],B2C EComm,181971021579,Search - NonBrand,22740783748
b2c ecommerce integration,EXACT,2269475543668,[],B2C EComm,181971021579,Search - NonBrand,22740783748
b2c ecommerce storefront,EXACT,2269475543708,[],B2C EComm,181971021579,Search - NonBrand,22740783748
omnichannel commerce storefront,EXACT,2269475543948,[],B2C EComm,181971021579,Search - NonBrand,22740783748
commerce com inc,EXACT,2437357710638,[],B2C EComm,181971021579,Search - NonBrand,22740783748
b2c,BROAD,11849970,[],B2B Other Keywords,181971021739,Search - NonBrand,22740783748
unified commerce,EXACT,298836115570,[],B2B Other Keywords,181971021739,Search - NonBrand,22740783748
unified commerce platform,EXACT,298836115610,[],B2B Other Keywords,181971021739,Search - NonBrand,22740783748
manufacturing ecommerce,EXACT,305381006069,[],B2B Other Keywords,181971021739,Search - NonBrand,22740783748
subscription commerce,EXACT,326737077729,['https://kibocommerce.com/platform/subscription/'],B2B Other Keywords,181971021739,Search - NonBrand,22740783748
digital commerce solutions,EXACT,327368516074,[],B2B Other Keywords,181971021739,Search - NonBrand,22740783748
supplier ecommerce,EXACT,333819072389,[],B2B Other Keywords,181971021739,Search - NonBrand,22740783748
ecommerce wholesale distributors,EXACT,344289000948,[],B2B Other Keywords,181971021739,Search - NonBrand,22740783748
commerce operations,EXACT,410691259158,[],B2B Other Keywords,181971021739,Search - NonBrand,22740783748
composable commerce,EXACT,1188657161481,[],B2B Other Keywords,181971021739,Search - NonBrand,22740783748
quailhq,BROAD,1424186846521,[],B2B Other Keywords,181971021739,Search - NonBrand,22740783748
enterprise digital commerce platform,BROAD,1691377383101,[],B2B Other Keywords,181971021739,Search - NonBrand,22740783748
distribuitor ecommerce,EXACT,2416995562279,[],B2B Other Keywords,181971021739,Search - NonBrand,22740783748
omnichannel commerce challenges,EXACT,2474305159087,[],B2B Other Keywords,181971021739,Search - NonBrand,22740783748
legacy platform limitations,EXACT,2474305161007,[],B2B Other Keywords,181971021739,Search - NonBrand,22740783748
how,BROAD,10544811,[],OMS,181971021779,Search - NonBrand,22740783748
order processing,EXACT,11285301,[],OMS,181971021779,Search - NonBrand,22740783748
rma software,BROAD,14714866,['https://kibocommerce.com/platform/reverse-logistics/'],OMS,181971021779,Search - NonBrand,22740783748
business process integration,EXACT,27553961,[],OMS,181971021779,Search - NonBrand,22740783748
purchase order,EXACT,27556471,[],OMS,181971021779,Search - NonBrand,22740783748
create an order form,EXACT,39510051,[],OMS,181971021779,Search - NonBrand,22740783748
order entry,EXACT,42083343,[],OMS,181971021779,Search - NonBrand,22740783748
wms software,EXACT,46668440,[],OMS,181971021779,Search - NonBrand,22740783748
pos systems,EXACT,60822708,[],OMS,181971021779,Search - NonBrand,22740783748
stocky,EXACT,67854368,[],OMS,181971021779,Search - NonBrand,22740783748
order forms,EXACT,71982668,[],OMS,181971021779,Search - NonBrand,22740783748
crunchtime,EXACT,131504882,[],OMS,181971021779,Search - NonBrand,22740783748
how to create a purchase order,EXACT,157540449,[],OMS,181971021779,Search - NonBrand,22740783748
x cart,EXACT,168452540,[],OMS,181971021779,Search - NonBrand,22740783748
stord,EXACT,289229268,[],OMS,181971021779,Search - NonBrand,22740783748
procurement system,EXACT,331249852,[],OMS,181971021779,Search - NonBrand,22740783748
olo,EXACT,382621433,[],OMS,181971021779,Search - NonBrand,22740783748
oracle order management,EXACT,615079306,[],OMS,181971021779,Search - NonBrand,22740783748
open source point of sale,EXACT,865756338,[],OMS,181971021779,Search - NonBrand,22740783748
cs cart,EXACT,1088317951,[],OMS,181971021779,Search - NonBrand,22740783748
odoo,EXACT,1090331264,[],OMS,181971021779,Search - NonBrand,22740783748
gestion des stock,EXACT,1406935506,[],OMS,181971021779,Search - NonBrand,22740783748
delivery management software,EXACT,1631313536,[],OMS,181971021779,Search - NonBrand,22740783748
sap order management,EXACT,1745217367,[],OMS,181971021779,Search - NonBrand,22740783748
how to create an order form,EXACT,1788479162,[],OMS,181971021779,Search - NonBrand,22740783748
track and trace system,EXACT,2136143147,[],OMS,181971021779,Search - NonBrand,22740783748
restaurant online ordering system,EXACT,3690283468,[],OMS,181971021779,Search - NonBrand,22740783748
inventura,EXACT,3802789005,[],OMS,181971021779,Search - NonBrand,22740783748
manhattan wms,EXACT,3856108128,[],OMS,181971021779,Search - NonBrand,22740783748
customer order fulfillment,EXACT,4150426870,[],OMS,181971021779,Search - NonBrand,22740783748
how to do inventory management,EXACT,4954363598,[],OMS,181971021779,Search - NonBrand,22740783748
online food order system,EXACT,7006515328,[],OMS,181971021779,Search - NonBrand,22740783748
proof of delivery software,EXACT,11671920996,[],OMS,181971021779,Search - NonBrand,22740783748
shipify,BROAD,11985891073,[],OMS,181971021779,Search - NonBrand,22740783748
sterling order management,EXACT,12733935596,[],OMS,181971021779,Search - NonBrand,22740783748
inflow inventory,EXACT,13774631199,[],OMS,181971021779,Search - NonBrand,22740783748
request management system,EXACT,16242356729,[],OMS,181971021779,Search - NonBrand,22740783748
zoho inventory,EXACT,25931177242,[],OMS,181971021779,Search - NonBrand,22740783748
gatemaster systems,EXACT,27146533610,[],OMS,181971021779,Search - NonBrand,22740783748
stock control app,EXACT,30393285498,[],OMS,181971021779,Search - NonBrand,22740783748
sterling oms,EXACT,34363035130,[],OMS,181971021779,Search - NonBrand,22740783748
vtex ecommerce,EXACT,37944931307,[],OMS,181971021779,Search - NonBrand,22740783748
nuorder,EXACT,44442264071,[],OMS,181971021779,Search - NonBrand,22740783748
sos inventory,EXACT,55313862623,[],OMS,181971021779,Search - NonBrand,22740783748
purchase order policy and procedures,EXACT,56282007005,[],OMS,181971021779,Search - NonBrand,22740783748
cloud based order management system,EXACT,64402329255,[],OMS,181971021779,Search - NonBrand,22740783748
digital purchase order system,EXACT,66088879455,[],OMS,181971021779,Search - NonBrand,22740783748
carthero,EXACT,69450985463,[],OMS,181971021779,Search - NonBrand,22740783748
purchase order number generator,EXACT,76571292203,[],OMS,181971021779,Search - NonBrand,22740783748
orderhive,EXACT,77845731411,[],OMS,181971021779,Search - NonBrand,22740783748
shopify wholesale app,EXACT,113387056323,[],OMS,181971021779,Search - NonBrand,22740783748
skubana,EXACT,125305184679,[],OMS,181971021779,Search - NonBrand,22740783748
odoo inventory,EXACT,137790481231,[],OMS,181971021779,Search - NonBrand,22740783748
supply chain dashboard,EXACT,295707105539,[],OMS,181971021779,Search - NonBrand,22740783748
automated inventory systems,EXACT,296208806159,[],OMS,181971021779,Search - NonBrand,22740783748
enterprise order management system,EXACT,296265470120,['https://kibocommerce.com/platform/order-management/'],OMS,181971021779,Search - NonBrand,22740783748
octocom,EXACT,296335894734,[],OMS,181971021779,Search - NonBrand,22740783748
how purchase orders work,EXACT,296701473016,[],OMS,181971021779,Search - NonBrand,22740783748
salesforce order management,EXACT,296854507826,[],OMS,181971021779,Search - NonBrand,22740783748
order desk,EXACT,296952574011,[],OMS,181971021779,Search - NonBrand,22740783748
loyverse pos,EXACT,297317457086,[],OMS,181971021779,Search - NonBrand,22740783748
magaya supply chain,EXACT,297693416144,[],OMS,181971021779,Search - NonBrand,22740783748
urbanpiper,EXACT,297705918458,[],OMS,181971021779,Search - NonBrand,22740783748
rf smart,EXACT,297789723276,[],OMS,181971021779,Search - NonBrand,22740783748
loyverse,EXACT,297914164716,[],OMS,181971021779,Search - NonBrand,22740783748
pick to light,EXACT,298090189149,[],OMS,181971021779,Search - NonBrand,22740783748
dispatch science,EXACT,298369610570,[],OMS,181971021779,Search - NonBrand,22740783748
linnworks,EXACT,298530669318,[],OMS,181971021779,Search - NonBrand,22740783748
reorder point,EXACT,299596916289,[],OMS,181971021779,Search - NonBrand,22740783748
etail solutions,EXACT,299762356923,[],OMS,181971021779,Search - NonBrand,22740783748
relex,EXACT,300071488203,[],OMS,181971021779,Search - NonBrand,22740783748
supplier management system,EXACT,300202643500,[],OMS,181971021779,Search - NonBrand,22740783748
syncware,EXACT,300287686531,[],OMS,181971021779,Search - NonBrand,22740783748
order fulfillment strategies,EXACT,300326471492,[],OMS,181971021779,Search - NonBrand,22740783748
auto order,EXACT,300444133669,[],OMS,181971021779,Search - NonBrand,22740783748
fixed order quantity,EXACT,300575748658,[],OMS,181971021779,Search - NonBrand,22740783748
sana ecommerce,EXACT,300591666185,[],OMS,181971021779,Search - NonBrand,22740783748
veeqo,EXACT,300857805802,[],OMS,181971021779,Search - NonBrand,22740783748
best online ordering system for restaurants,EXACT,301147545765,[],OMS,181971021779,Search - NonBrand,22740783748
shopify order management,EXACT,301322246136,[],OMS,181971021779,Search - NonBrand,22740783748
order to cash process,EXACT,301392185713,[],OMS,181971021779,Search - NonBrand,22740783748
reverse logistics software,BROAD,302663366360,['https://kibocommerce.com/platform/reverse-logistics/'],OMS,181971021779,Search - NonBrand,22740783748
dsco,EXACT,303294722858,[],OMS,181971021779,Search - NonBrand,22740783748
how to manage inventory,EXACT,304235033688,[],OMS,181971021779,Search - NonBrand,22740783748
restaurant tablet ordering,EXACT,304828685975,[],OMS,181971021779,Search - NonBrand,22740783748
zenput,EXACT,306494839406,[],OMS,181971021779,Search - NonBrand,22740783748
order groove,EXACT,306623080974,[],OMS,181971021779,Search - NonBrand,22740783748
bigcommerce pos integration,EXACT,306642821411,[],OMS,181971021779,Search - NonBrand,22740783748
order manager,EXACT,306666338762,[],OMS,181971021779,Search - NonBrand,22740783748
you can,EXACT,306975936908,[],OMS,181971021779,Search - NonBrand,22740783748
sps commerce fulfillment,EXACT,307435585633,[],OMS,181971021779,Search - NonBrand,22740783748
order management system salesforce,EXACT,307515189773,[],OMS,181971021779,Search - NonBrand,22740783748
purchase order process steps,EXACT,307901043092,[],OMS,181971021779,Search - NonBrand,22740783748
ecomdash,EXACT,307922876535,[],OMS,181971021779,Search - NonBrand,22740783748
omni commerce,EXACT,308090025300,[],OMS,181971021779,Search - NonBrand,22740783748
powered by x cart shopping cart software,EXACT,308261233426,[],OMS,181971021779,Search - NonBrand,22740783748
commerce saas,EXACT,309093597282,[],OMS,181971021779,Search - NonBrand,22740783748
sana software,EXACT,309093816122,[],OMS,181971021779,Search - NonBrand,22740783748
best order management systems,EXACT,309108614780,['https://kibocommerce.com/platform/order-management/'],OMS,181971021779,Search - NonBrand,22740783748
order management system ecommerce,EXACT,309108618460,['https://kibocommerce.com/platform/order-management/'],OMS,181971021779,Search - NonBrand,22740783748
smart order routing,EXACT,310448208840,[],OMS,181971021779,Search - NonBrand,22740783748
jazva,EXACT,311069288128,[],OMS,181971021779,Search - NonBrand,22740783748
sellercloud,EXACT,311069288808,[],OMS,181971021779,Search - NonBrand,22740783748
cart com,EXACT,311459280656,[],OMS,181971021779,Search - NonBrand,22740783748
korona pos,EXACT,312405931608,[],OMS,181971021779,Search - NonBrand,22740783748
global order management system,EXACT,313341119648,['https://kibocommerce.com/platform/order-management/'],OMS,181971021779,Search - NonBrand,22740783748
tookan,EXACT,313645554840,[],OMS,181971021779,Search - NonBrand,22740783748
acceo smart vendor,EXACT,313819052141,[],OMS,181971021779,Search - NonBrand,22740783748
order fulfilment system,EXACT,314067635428,[],OMS,181971021779,Search - NonBrand,22740783748
what is oms,EXACT,314411220235,[],OMS,181971021779,Search - NonBrand,22740783748
purchase order invoice process flow chart,EXACT,314602015098,[],OMS,181971021779,Search - NonBrand,22740783748
dynamic eshop,EXACT,314734881028,[],OMS,181971021779,Search - NonBrand,22740783748
oracle order management system,EXACT,315186346931,[],OMS,181971021779,Search - NonBrand,22740783748
returns management software,BROAD,315224344680,['https://kibocommerce.com/platform/reverse-logistics/'],OMS,181971021779,Search - NonBrand,22740783748
inventory source,EXACT,315587938768,[],OMS,181971021779,Search - NonBrand,22740783748
sana commerce,EXACT,315885926774,[],OMS,181971021779,Search - NonBrand,22740783748
chaindrive,EXACT,316080487395,[],OMS,181971021779,Search - NonBrand,22740783748
inventory tracking sheet,EXACT,316645624015,[],OMS,181971021779,Search - NonBrand,22740783748
order 2 cash process,EXACT,316977250500,[],OMS,181971021779,Search - NonBrand,22740783748
manage orders,EXACT,316988817993,[],OMS,181971021779,Search - NonBrand,22740783748
ginee,EXACT,317400156225,[],OMS,181971021779,Search - NonBrand,22740783748
digital purchase order,EXACT,317557934542,[],OMS,181971021779,Search - NonBrand,22740783748
serialization software,EXACT,317580366918,[],OMS,181971021779,Search - NonBrand,22740783748
medusa oms,EXACT,318103793212,[],OMS,181971021779,Search - NonBrand,22740783748
pick to light systems,EXACT,318139663409,[],OMS,181971021779,Search - NonBrand,22740783748
optima wms,EXACT,318316648929,[],OMS,181971021779,Search - NonBrand,22740783748
supplypoint,EXACT,318683879730,[],OMS,181971021779,Search - NonBrand,22740783748
punch out to go,EXACT,318948111069,[],OMS,181971021779,Search - NonBrand,22740783748
workflow automation in e commerce,EXACT,319692103353,[],OMS,181971021779,Search - NonBrand,22740783748
o9 solutions,EXACT,322845638772,[],OMS,181971021779,Search - NonBrand,22740783748
eoq formula,EXACT,323250229851,[],OMS,181971021779,Search - NonBrand,22740783748
manhattan oms,EXACT,323678386794,[],OMS,181971021779,Search - NonBrand,22740783748
manhattan order management,EXACT,323678386954,[],OMS,181971021779,Search - NonBrand,22740783748
corporate fulfillment systems,EXACT,325158054937,[],OMS,181971021779,Search - NonBrand,22740783748
salesorder,EXACT,325843749583,[],OMS,181971021779,Search - NonBrand,22740783748
global e,EXACT,326055755954,[],OMS,181971021779,Search - NonBrand,22740783748
zilliant,EXACT,326073157128,[],OMS,181971021779,Search - NonBrand,22740783748
ecommerce oms,EXACT,326088839260,['https://kibocommerce.com/platform/order-management/'],OMS,181971021779,Search - NonBrand,22740783748
edi automation,EXACT,326839912529,[],OMS,181971021779,Search - NonBrand,22740783748
centric software,EXACT,327731209670,[],OMS,181971021779,Search - NonBrand,22740783748
order protection,EXACT,328079881425,[],OMS,181971021779,Search - NonBrand,22740783748
warehouse app,EXACT,328840186248,[],OMS,181971021779,Search - NonBrand,22740783748
frogmi,EXACT,328852101056,[],OMS,181971021779,Search - NonBrand,22740783748
sterling order management system,EXACT,330569593883,[],OMS,181971021779,Search - NonBrand,22740783748
duoplane,EXACT,331330777324,[],OMS,181971021779,Search - NonBrand,22740783748
lot control,EXACT,331690181709,[],OMS,181971021779,Search - NonBrand,22740783748
b2b order management system,EXACT,332176888486,['https://kibocommerce.com/platform/order-management/'],OMS,181971021779,Search - NonBrand,22740783748
smart order router,EXACT,332439461719,[],OMS,181971021779,Search - NonBrand,22740783748
grocery retail software,EXACT,333547960780,[],OMS,181971021779,Search - NonBrand,22740783748
cdk lightspeed,EXACT,334527303255,[],OMS,181971021779,Search - NonBrand,22740783748
cin7 pricing,EXACT,334955501662,[],OMS,181971021779,Search - NonBrand,22740783748
supplier score card,EXACT,335628500053,[],OMS,181971021779,Search - NonBrand,22740783748
kanban inventory cards,EXACT,335791764185,[],OMS,181971021779,Search - NonBrand,22740783748
iadvize,EXACT,335803698616,[],OMS,181971021779,Search - NonBrand,22740783748
endless aisle,EXACT,336144927105,[],OMS,181971021779,Search - NonBrand,22740783748
delivery platform,EXACT,336804312641,[],OMS,181971021779,Search - NonBrand,22740783748
ibm sterling order management,EXACT,337303365532,[],OMS,181971021779,Search - NonBrand,22740783748
salesforce order management system,EXACT,338347465650,[],OMS,181971021779,Search - NonBrand,22740783748
purchasing cycle steps,EXACT,338422547248,[],OMS,181971021779,Search - NonBrand,22740783748
nextorder,EXACT,339027302153,[],OMS,181971021779,Search - NonBrand,22740783748
evanik,EXACT,339258693819,[],OMS,181971021779,Search - NonBrand,22740783748
ivalua,EXACT,339444503494,[],OMS,181971021779,Search - NonBrand,22740783748
order fulfillment time,EXACT,339525029212,[],OMS,181971021779,Search - NonBrand,22740783748
sortly,EXACT,340043401613,[],OMS,181971021779,Search - NonBrand,22740783748
shopify for restaurants,EXACT,340602193574,[],OMS,181971021779,Search - NonBrand,22740783748
ordigo,EXACT,342879036841,[],OMS,181971021779,Search - NonBrand,22740783748
made4net,EXACT,342907404930,[],OMS,181971021779,Search - NonBrand,22740783748
purchase order flow chart,EXACT,343077607850,[],OMS,181971021779,Search - NonBrand,22740783748
o2c manager,EXACT,343180422609,[],OMS,181971021779,Search - NonBrand,22740783748
company orders,EXACT,343555533320,[],OMS,181971021779,Search - NonBrand,22740783748
order lifecycle,EXACT,343681163161,[],OMS,181971021779,Search - NonBrand,22740783748
easyorder,EXACT,344051448410,[],OMS,181971021779,Search - NonBrand,22740783748
receiving sop,EXACT,344650638901,[],OMS,181971021779,Search - NonBrand,22740783748
850 purchase order,EXACT,344951989915,[],OMS,181971021779,Search - NonBrand,22740783748
customer order,EXACT,345039584623,[],OMS,181971021779,Search - NonBrand,22740783748
tableside ordering,EXACT,345509910458,[],OMS,181971021779,Search - NonBrand,22740783748
enterprise omnichannel commerce,EXACT,345735807088,[],OMS,181971021779,Search - NonBrand,22740783748
parcellab,EXACT,346283768874,[],OMS,181971021779,Search - NonBrand,22740783748
how to track purchase orders,EXACT,348475590949,[],OMS,181971021779,Search - NonBrand,22740783748
cxml,EXACT,349080789518,[],OMS,181971021779,Search - NonBrand,22740783748
ordergroove,EXACT,352083841154,[],OMS,181971021779,Search - NonBrand,22740783748
order management salesforce,EXACT,352193152527,[],OMS,181971021779,Search - NonBrand,22740783748
voice picking,EXACT,354013972047,[],OMS,181971021779,Search - NonBrand,22740783748
oracle order to cash process flow,EXACT,355568254741,[],OMS,181971021779,Search - NonBrand,22740783748
nuorder inc,EXACT,356049788628,[],OMS,181971021779,Search - NonBrand,22740783748
store automation,EXACT,356948313821,[],OMS,181971021779,Search - NonBrand,22740783748
punchout catalog,EXACT,357221016474,[],OMS,181971021779,Search - NonBrand,22740783748
kyozou,EXACT,357498951570,[],OMS,181971021779,Search - NonBrand,22740783748
product sku,EXACT,358099354767,[],OMS,181971021779,Search - NonBrand,22740783748
supplier scorecard,EXACT,358128778767,[],OMS,181971021779,Search - NonBrand,22740783748
warehouse productivity metrics,EXACT,358827962834,[],OMS,181971021779,Search - NonBrand,22740783748
job ordering costing,EXACT,360024605474,[],OMS,181971021779,Search - NonBrand,22740783748
ibm maximo,EXACT,361112032557,[],OMS,181971021779,Search - NonBrand,22740783748
cycle count sop,EXACT,362819317168,[],OMS,181971021779,Search - NonBrand,22740783748
slim stock,EXACT,363392461396,[],OMS,181971021779,Search - NonBrand,22740783748
marketman,EXACT,364463132842,[],OMS,181971021779,Search - NonBrand,22740783748
netsuite order management,EXACT,365582676174,[],OMS,181971021779,Search - NonBrand,22740783748
provago,EXACT,365611713488,[],OMS,181971021779,Search - NonBrand,22740783748
sap memasspo,EXACT,366714846360,[],OMS,181971021779,Search - NonBrand,22740783748
shiphero,EXACT,367265014543,[],OMS,181971021779,Search - NonBrand,22740783748
order fulfillment kpi,EXACT,367712296308,[],OMS,181971021779,Search - NonBrand,22740783748
phone order software,EXACT,370049419371,[],OMS,181971021779,Search - NonBrand,22740783748
orderport,EXACT,370669237125,[],OMS,181971021779,Search - NonBrand,22740783748
lokad,EXACT,371032754365,[],OMS,181971021779,Search - NonBrand,22740783748
delivery management,EXACT,371901788357,[],OMS,181971021779,Search - NonBrand,22740783748
tookan app,EXACT,371907459977,[],OMS,181971021779,Search - NonBrand,22740783748
order picking accuracy,EXACT,372120609004,[],OMS,181971021779,Search - NonBrand,22740783748
shopify flow,EXACT,372286767558,[],OMS,181971021779,Search - NonBrand,22740783748
logiciel de gestion des fournisseurs,EXACT,372326542484,[],OMS,181971021779,Search - NonBrand,22740783748
centiro,EXACT,372568907400,[],OMS,181971021779,Search - NonBrand,22740783748
asenda,EXACT,373516816488,[],OMS,181971021779,Search - NonBrand,22740783748
inventory reorder point formula,EXACT,374686657189,[],OMS,181971021779,Search - NonBrand,22740783748
order to cash process steps,EXACT,374768580144,[],OMS,181971021779,Search - NonBrand,22740783748
order guide,EXACT,375163146601,[],OMS,181971021779,Search - NonBrand,22740783748
magento order management software,EXACT,375308264397,[],OMS,181971021779,Search - NonBrand,22740783748
serial number tracking system,EXACT,375813779741,[],OMS,181971021779,Search - NonBrand,22740783748
channelape,EXACT,376232797607,[],OMS,181971021779,Search - NonBrand,22740783748
teapplix,EXACT,376232798567,[],OMS,181971021779,Search - NonBrand,22740783748
peoplesoft order management,EXACT,376266293006,[],OMS,181971021779,Search - NonBrand,22740783748
warehouse receiving procedures,EXACT,376528460146,[],OMS,181971021779,Search - NonBrand,22740783748
modern pos,EXACT,377559851690,[],OMS,181971021779,Search - NonBrand,22740783748
warehouse goals,EXACT,380828155564,[],OMS,181971021779,Search - NonBrand,22740783748
ansi x12 edi 850,EXACT,381941189253,[],OMS,181971021779,Search - NonBrand,22740783748
omni channel inventory,EXACT,382489494179,[],OMS,181971021779,Search - NonBrand,22740783748
ibm sterling order management system,EXACT,384273279575,[],OMS,181971021779,Search - NonBrand,22740783748
magento oms,EXACT,384487607756,[],OMS,181971021779,Search - NonBrand,22740783748
opentext vendor invoice management,EXACT,384490424554,[],OMS,181971021779,Search - NonBrand,22740783748
production delivery,EXACT,387536304364,[],OMS,181971021779,Search - NonBrand,22740783748
order connect,EXACT,389439273751,[],OMS,181971021779,Search - NonBrand,22740783748
wholecell,EXACT,390271150523,[],OMS,181971021779,Search - NonBrand,22740783748
seller logic,EXACT,395073829851,[],OMS,181971021779,Search - NonBrand,22740783748
order to cash process flow chart,EXACT,395216097597,[],OMS,181971021779,Search - NonBrand,22740783748
loginext,EXACT,395385125750,[],OMS,181971021779,Search - NonBrand,22740783748
mint soft,EXACT,396049529009,[],OMS,181971021779,Search - NonBrand,22740783748
quickbooks order fulfillment,EXACT,400659164101,[],OMS,181971021779,Search - NonBrand,22740783748
cogsy,EXACT,400779348683,[],OMS,181971021779,Search - NonBrand,22740783748
apics safety stock calculation,EXACT,400982469557,[],OMS,181971021779,Search - NonBrand,22740783748
cloud based pos and inventory management,EXACT,401797674124,[],OMS,181971021779,Search - NonBrand,22740783748
ibm oms,EXACT,403250796911,[],OMS,181971021779,Search - NonBrand,22740783748
sana e commerce,EXACT,403889456761,[],OMS,181971021779,Search - NonBrand,22740783748
inventora,EXACT,404479605038,[],OMS,181971021779,Search - NonBrand,22740783748
logiwa,EXACT,405892238785,[],OMS,181971021779,Search - NonBrand,22740783748
lightspeed demo,EXACT,406006738287,[],OMS,181971021779,Search - NonBrand,22740783748
point of sale fulfilment,EXACT,406651777162,[],OMS,181971021779,Search - NonBrand,22740783748
aralco,EXACT,408038381742,[],OMS,181971021779,Search - NonBrand,22740783748
cin7 inventory management,EXACT,409308825799,[],OMS,181971021779,Search - NonBrand,22740783748
jungleworks,EXACT,409740685565,[],OMS,181971021779,Search - NonBrand,22740783748
smart order refill,EXACT,413017951119,[],OMS,181971021779,Search - NonBrand,22740783748
tacton cpq,EXACT,413998185081,[],OMS,181971021779,Search - NonBrand,22740783748
wiser solutions,EXACT,414638577099,[],OMS,181971021779,Search - NonBrand,22740783748
netstock,EXACT,415617674597,[],OMS,181971021779,Search - NonBrand,22740783748
reorder point calculation,EXACT,420726454219,[],OMS,181971021779,Search - NonBrand,22740783748
systemlogistics com,EXACT,421676010700,[],OMS,181971021779,Search - NonBrand,22740783748
iorder app,EXACT,421906120749,[],OMS,181971021779,Search - NonBrand,22740783748
ikas,EXACT,423942063737,[],OMS,181971021779,Search - NonBrand,22740783748
ordercup,EXACT,424718699887,[],OMS,181971021779,Search - NonBrand,22740783748
order analysis,EXACT,428114954609,[],OMS,181971021779,Search - NonBrand,22740783748
order co,EXACT,439126678038,[],OMS,181971021779,Search - NonBrand,22740783748
shopflow,EXACT,441992108118,[],OMS,181971021779,Search - NonBrand,22740783748
shipfusion,EXACT,443084514376,[],OMS,181971021779,Search - NonBrand,22740783748
shopify oms,EXACT,444442262629,[],OMS,181971021779,Search - NonBrand,22740783748
shopify fulfillment software,EXACT,446797663320,[],OMS,181971021779,Search - NonBrand,22740783748
order ease,EXACT,448884182790,[],OMS,181971021779,Search - NonBrand,22740783748
etsy order management software,EXACT,450063388041,[],OMS,181971021779,Search - NonBrand,22740783748
ordertime,EXACT,451264091905,[],OMS,181971021779,Search - NonBrand,22740783748
eze oms,EXACT,455732946950,[],OMS,181971021779,Search - NonBrand,22740783748
indata oms,EXACT,455732948110,[],OMS,181971021779,Search - NonBrand,22740783748
linedata oms,EXACT,455732948630,[],OMS,181971021779,Search - NonBrand,22740783748
sap ewm process flow,EXACT,460169531448,[],OMS,181971021779,Search - NonBrand,22740783748
production order form,EXACT,464270120584,[],OMS,181971021779,Search - NonBrand,22740783748
cust po,EXACT,464868299746,[],OMS,181971021779,Search - NonBrand,22740783748
sales warp,EXACT,465305981727,[],OMS,181971021779,Search - NonBrand,22740783748
honeycart,EXACT,466357636786,[],OMS,181971021779,Search - NonBrand,22740783748
ship hero,EXACT,469264280041,[],OMS,181971021779,Search - NonBrand,22740783748
order sync,EXACT,469660253239,[],OMS,181971021779,Search - NonBrand,22740783748
dynamics eshop,EXACT,470300541100,[],OMS,181971021779,Search - NonBrand,22740783748
picking methods in warehouse,EXACT,472909280559,[],OMS,181971021779,Search - NonBrand,22740783748
supply point,EXACT,473067038127,[],OMS,181971021779,Search - NonBrand,22740783748
om software,EXACT,475380295876,[],OMS,181971021779,Search - NonBrand,22740783748
multichannelworks,EXACT,481410737700,[],OMS,181971021779,Search - NonBrand,22740783748
multiorders,EXACT,481410737740,[],OMS,181971021779,Search - NonBrand,22740783748
storeautomator,EXACT,481410738700,[],OMS,181971021779,Search - NonBrand,22740783748
how to fulfill orders on shopify,EXACT,486855620842,[],OMS,181971021779,Search - NonBrand,22740783748
wordpress pizza order plugin,EXACT,489624758117,[],OMS,181971021779,Search - NonBrand,22740783748
ecommerce workflows,EXACT,490062906609,[],OMS,181971021779,Search - NonBrand,22740783748
logiwa wms,EXACT,490956264381,[],OMS,181971021779,Search - NonBrand,22740783748
nat pos,EXACT,491378701640,[],OMS,181971021779,Search - NonBrand,22740783748
eworkorders cmms,EXACT,491391347755,[],OMS,181971021779,Search - NonBrand,22740783748
infiplex oms,EXACT,491391364755,[],OMS,181971021779,Search - NonBrand,22740783748
stone edge order management,EXACT,491645348325,[],OMS,181971021779,Search - NonBrand,22740783748
narvar,EXACT,498107675232,[],OMS,181971021779,Search - NonBrand,22740783748
vtex oms,EXACT,499146688234,[],OMS,181971021779,Search - NonBrand,22740783748
order entry process flow chart,EXACT,503046223870,[],OMS,181971021779,Search - NonBrand,22740783748
order to cash domain,EXACT,504210702607,[],OMS,181971021779,Search - NonBrand,22740783748
oms amazon,EXACT,514753042772,[],OMS,181971021779,Search - NonBrand,22740783748
loopreturns,EXACT,534165056621,[],OMS,181971021779,Search - NonBrand,22740783748
handifox online,EXACT,536459485643,[],OMS,181971021779,Search - NonBrand,22740783748
oracle fulfillment,EXACT,536890567366,[],OMS,181971021779,Search - NonBrand,22740783748
orderlink,EXACT,546424975392,[],OMS,181971021779,Search - NonBrand,22740783748
custompoint rrd,EXACT,551573070902,[],OMS,181971021779,Search - NonBrand,22740783748
create online ordering app,EXACT,552712082094,[],OMS,181971021779,Search - NonBrand,22740783748
orderful,EXACT,572228823013,[],OMS,181971021779,Search - NonBrand,22740783748
takepos,EXACT,577419292465,[],OMS,181971021779,Search - NonBrand,22740783748
oracle ebs order management,EXACT,583087389072,[],OMS,181971021779,Search - NonBrand,22740783748
infor rhythm for commerce,EXACT,591754806447,[],OMS,181971021779,Search - NonBrand,22740783748
infor os,EXACT,592446610032,[],OMS,181971021779,Search - NonBrand,22740783748
cuboh,EXACT,592531958312,[],OMS,181971021779,Search - NonBrand,22740783748
retailmax,EXACT,607106359847,[],OMS,181971021779,Search - NonBrand,22740783748
lightspeed commerce,EXACT,607391798592,[],OMS,181971021779,Search - NonBrand,22740783748
fluent commerce,EXACT,609536453741,[],OMS,181971021779,Search - NonBrand,22740783748
shopify airtable,EXACT,611302465379,[],OMS,181971021779,Search - NonBrand,22740783748
ordable,EXACT,618973494874,[],OMS,181971021779,Search - NonBrand,22740783748
how do stores keep track of inventory,EXACT,619273129592,[],OMS,181971021779,Search - NonBrand,22740783748
pulpo wms,EXACT,621874407096,[],OMS,181971021779,Search - NonBrand,22740783748
ibm sterling oms,EXACT,624013191284,[],OMS,181971021779,Search - NonBrand,22740783748
flxpoint,EXACT,628839548100,[],OMS,181971021779,Search - NonBrand,22740783748
sales orders quickbooks online,EXACT,632364470601,[],OMS,181971021779,Search - NonBrand,22740783748
amazon punchout,EXACT,632944886327,[],OMS,181971021779,Search - NonBrand,22740783748
streamline order fulfillment,EXACT,635859203643,[],OMS,181971021779,Search - NonBrand,22740783748
woocommerce purchase order plugin,EXACT,636968222593,[],OMS,181971021779,Search - NonBrand,22740783748
order management system pricing,EXACT,643717491743,['https://kibocommerce.com/speak-with-an-expert/'],OMS,181971021779,Search - NonBrand,22740783748
bonfire procurement,EXACT,657883345843,[],OMS,181971021779,Search - NonBrand,22740783748
shopify integration with clover,EXACT,662464850807,[],OMS,181971021779,Search - NonBrand,22740783748
salesforce oms,EXACT,665696375465,[],OMS,181971021779,Search - NonBrand,22740783748
process weaver,EXACT,667321863119,[],OMS,181971021779,Search - NonBrand,22740783748
processweaver,EXACT,667321863279,[],OMS,181971021779,Search - NonBrand,22740783748
deliverect,EXACT,676384996936,[],OMS,181971021779,Search - NonBrand,22740783748
trackpod,EXACT,686044654256,[],OMS,181971021779,Search - NonBrand,22740783748
amazon mcf,EXACT,700216431077,[],OMS,181971021779,Search - NonBrand,22740783748
auto po,EXACT,702373693192,[],OMS,181971021779,Search - NonBrand,22740783748
unilog ecommerce,EXACT,708952588719,[],OMS,181971021779,Search - NonBrand,22740783748
ai commerce platform,BROAD,719419744707,['https://kibocommerce.com/platform/agentic-commerce/'],OMS,181971021779,Search - NonBrand,22740783748
b2b order form,EXACT,723928954999,[],OMS,181971021779,Search - NonBrand,22740783748
freshbytes,EXACT,732611397021,[],OMS,181971021779,Search - NonBrand,22740783748
prediko,EXACT,755087919587,[],OMS,181971021779,Search - NonBrand,22740783748
vndly,EXACT,760994467389,[],OMS,181971021779,Search - NonBrand,22740783748
order fulfillment steps,EXACT,761035121439,[],OMS,181971021779,Search - NonBrand,22740783748
oracle order,EXACT,764937882416,[],OMS,181971021779,Search - NonBrand,22740783748
darwynn,EXACT,770997868507,[],OMS,181971021779,Search - NonBrand,22740783748
teapplix com,EXACT,771814281071,[],OMS,181971021779,Search - NonBrand,22740783748
warehousing 101,EXACT,771944550196,[],OMS,181971021779,Search - NonBrand,22740783748
mintsoft,EXACT,774380061723,[],OMS,181971021779,Search - NonBrand,22740783748
laravel point of sale,EXACT,774692844436,[],OMS,181971021779,Search - NonBrand,22740783748
klarys,EXACT,780892754155,[],OMS,181971021779,Search - NonBrand,22740783748
cartrover,EXACT,785043348708,[],OMS,181971021779,Search - NonBrand,22740783748
onestock,EXACT,789007886826,[],OMS,181971021779,Search - NonBrand,22740783748
restolabs,EXACT,791429640169,[],OMS,181971021779,Search - NonBrand,22740783748
toolsgroup so99+,EXACT,793272716847,[],OMS,181971021779,Search - NonBrand,22740783748
newsvendor,EXACT,793549670631,[],OMS,181971021779,Search - NonBrand,22740783748
woocommerce multi location,EXACT,799322995389,[],OMS,181971021779,Search - NonBrand,22740783748
e comm solutions,EXACT,799942998458,[],OMS,181971021779,Search - NonBrand,22740783748
inventory visibility software,BROAD,801666703096,['https://kibocommerce.com/platform/inventory-visibility/'],OMS,181971021779,Search - NonBrand,22740783748
omp supply chain,EXACT,807374463586,[],OMS,181971021779,Search - NonBrand,22740783748
ai order management,BROAD,810569676445,['https://kibocommerce.com/platform/order-management/'],OMS,181971021779,Search - NonBrand,22740783748
endless aisle software,BROAD,812405265755,['https://kibocommerce.com/platform/dropship/'],OMS,181971021779,Search - NonBrand,22740783748
oracle o2c cycle,EXACT,814848092635,[],OMS,181971021779,Search - NonBrand,22740783748
salesforce order entry,EXACT,816279470051,[],OMS,181971021779,Search - NonBrand,22740783748
way2order,EXACT,818052630448,[],OMS,181971021779,Search - NonBrand,22740783748
apicbase,EXACT,828362745286,[],OMS,181971021779,Search - NonBrand,22740783748
real-time inventory visibility,BROAD,828682215565,['https://kibocommerce.com/platform/inventory-visibility/'],OMS,181971021779,Search - NonBrand,22740783748
nomad go,EXACT,834016890692,[],OMS,181971021779,Search - NonBrand,22740783748
what is purchase order system,EXACT,840511194621,[],OMS,181971021779,Search - NonBrand,22740783748
superorder,EXACT,846233123183,[],OMS,181971021779,Search - NonBrand,22740783748
mageworx order management,EXACT,853499334698,[],OMS,181971021779,Search - NonBrand,22740783748
inventory cycle count best practices,EXACT,855128208460,[],OMS,181971021779,Search - NonBrand,22740783748
iata one order,EXACT,857650979187,[],OMS,181971021779,Search - NonBrand,22740783748
asrs automated storage and retrieval system,EXACT,863842888449,[],OMS,181971021779,Search - NonBrand,22740783748
advarics,EXACT,869633312851,[],OMS,181971021779,Search - NonBrand,22740783748
ordering web,EXACT,869735452288,[],OMS,181971021779,Search - NonBrand,22740783748
commande b2b,EXACT,869949817914,[],OMS,181971021779,Search - NonBrand,22740783748
sku iq,EXACT,874344102705,[],OMS,181971021779,Search - NonBrand,22740783748
automate shopify store,EXACT,876539005894,[],OMS,181971021779,Search - NonBrand,22740783748
odoo implementation process,EXACT,879832902414,[],OMS,181971021779,Search - NonBrand,22740783748
logistify ai,EXACT,882039738380,[],OMS,181971021779,Search - NonBrand,22740783748
order tracking process,EXACT,885406639408,[],OMS,181971021779,Search - NonBrand,22740783748
supplier selection scorecard,EXACT,888530602238,[],OMS,181971021779,Search - NonBrand,22740783748
so stocked,EXACT,892376442418,[],OMS,181971021779,Search - NonBrand,22740783748
radial order management,EXACT,893363203360,[],OMS,181971021779,Search - NonBrand,22740783748
keepstock,EXACT,893523660125,[],OMS,181971021779,Search - NonBrand,22740783748
curbside pickup software,BROAD,896320682627,['https://kibocommerce.com/platform/order-management/'],OMS,181971021779,Search - NonBrand,22740783748
lingaros,EXACT,896972916132,[],OMS,181971021779,Search - NonBrand,22740783748
fulfil io,EXACT,899282891963,[],OMS,181971021779,Search - NonBrand,22740783748
workflow for purchase order,EXACT,903407817742,[],OMS,181971021779,Search - NonBrand,22740783748
order management ebay,EXACT,904374460228,[],OMS,181971021779,Search - NonBrand,22740783748
bulk order form woocommerce,EXACT,907228065068,[],OMS,181971021779,Search - NonBrand,22740783748
remindax,EXACT,908543859522,[],OMS,181971021779,Search - NonBrand,22740783748
what are executive orders,EXACT,909011273012,[],OMS,181971021779,Search - NonBrand,22740783748
abitnow,EXACT,913066101285,[],OMS,181971021779,Search - NonBrand,22740783748
order management system demo,EXACT,916391898374,[],OMS,181971021779,Search - NonBrand,22740783748
kwi inc,EXACT,919152755690,[],OMS,181971021779,Search - NonBrand,22740783748
cross docking in warehouse,EXACT,919443040924,[],OMS,181971021779,Search - NonBrand,22740783748
sap ewm processes,EXACT,921798816380,[],OMS,181971021779,Search - NonBrand,22740783748
logi d,EXACT,922120857067,[],OMS,181971021779,Search - NonBrand,22740783748
wholesale shopify app,EXACT,923912462113,[],OMS,181971021779,Search - NonBrand,22740783748
qdms fulfillment,EXACT,924783701989,[],OMS,181971021779,Search - NonBrand,22740783748
oms salesforce,EXACT,924886919446,[],OMS,181971021779,Search - NonBrand,22740783748
order aggregator,EXACT,925231146413,[],OMS,181971021779,Search - NonBrand,22740783748
cloudwaitress,EXACT,927660208484,[],OMS,181971021779,Search - NonBrand,22740783748
order ai,EXACT,928765004605,[],OMS,181971021779,Search - NonBrand,22740783748
shopify catalog management,EXACT,929835136046,[],OMS,181971021779,Search - NonBrand,22740783748
grid order management netsuite,EXACT,930304253255,[],OMS,181971021779,Search - NonBrand,22740783748
purchase order tracking sheet,EXACT,930972368842,[],OMS,181971021779,Search - NonBrand,22740783748
fluent order management,EXACT,931161315826,[],OMS,181971021779,Search - NonBrand,22740783748
request fulfillment process flow,EXACT,931688235092,[],OMS,181971021779,Search - NonBrand,22740783748
iorders,EXACT,932578462020,[],OMS,181971021779,Search - NonBrand,22740783748
order management system github,EXACT,932704791481,[],OMS,181971021779,Search - NonBrand,22740783748
buyers edge platform,EXACT,933301626124,[],OMS,181971021779,Search - NonBrand,22740783748
odoo point of sales,EXACT,933621588944,[],OMS,181971021779,Search - NonBrand,22740783748
deckcommerce,EXACT,939335028222,[],OMS,181971021779,Search - NonBrand,22740783748
ai ordering system,EXACT,946946935411,[],OMS,181971021779,Search - NonBrand,22740783748
sos pricing,EXACT,949489473343,[],OMS,181971021779,Search - NonBrand,22740783748
jit systems,EXACT,949710431921,[],OMS,181971021779,Search - NonBrand,22740783748
use pepper,EXACT,950000178213,[],OMS,181971021779,Search - NonBrand,22740783748
deliver by linkeo,EXACT,950319361170,[],OMS,181971021779,Search - NonBrand,22740783748
mesa shopify,EXACT,950535302578,[],OMS,181971021779,Search - NonBrand,22740783748
jolt fulfillment system,EXACT,965424710613,[],OMS,181971021779,Search - NonBrand,22740783748
how to maintain restaurant inventory,EXACT,965612723966,[],OMS,181971021779,Search - NonBrand,22740783748
woocommerce role based methods,EXACT,965855180373,[],OMS,181971021779,Search - NonBrand,22740783748
swagger order,EXACT,980195181779,[],OMS,181971021779,Search - NonBrand,22740783748
taliup,EXACT,983211220476,[],OMS,181971021779,Search - NonBrand,22740783748
servicenow order management,EXACT,993924611246,[],OMS,181971021779,Search - NonBrand,22740783748
receiving process in warehouse,EXACT,1027056805370,[],OMS,181971021779,Search - NonBrand,22740783748
brightpearl oms,EXACT,1027656694220,[],OMS,181971021779,Search - NonBrand,22740783748
radial oms,EXACT,1035255716091,[],OMS,181971021779,Search - NonBrand,22740783748
optiply,EXACT,1064054785350,[],OMS,181971021779,Search - NonBrand,22740783748
orderms,EXACT,1065575186545,[],OMS,181971021779,Search - NonBrand,22740783748
odoo shipstation,EXACT,1067922752819,[],OMS,181971021779,Search - NonBrand,22740783748
shipday,EXACT,1073644104932,[],OMS,181971021779,Search - NonBrand,22740783748
order alert for woocommerce,EXACT,1092049410377,[],OMS,181971021779,Search - NonBrand,22740783748
zendrop,BROAD,1095620012832,[],OMS,181971021779,Search - NonBrand,22740783748
nextbillion ai,EXACT,1108765823907,[],OMS,181971021779,Search - NonBrand,22740783748
otter order manager,EXACT,1125356706432,[],OMS,181971021779,Search - NonBrand,22740783748
orderry,EXACT,1129505125879,[],OMS,181971021779,Search - NonBrand,22740783748
sap oms,EXACT,1136553832297,[],OMS,181971021779,Search - NonBrand,22740783748
shopify stocky app,EXACT,1138585623785,[],OMS,181971021779,Search - NonBrand,22740783748
cpg order management,EXACT,1148428875321,[],OMS,181971021779,Search - NonBrand,22740783748
salesforce order of operations,EXACT,1148797013419,[],OMS,181971021779,Search - NonBrand,22740783748
shipday delivery,EXACT,1160786368935,[],OMS,181971021779,Search - NonBrand,22740783748
envista oms,EXACT,1167557660345,[],OMS,181971021779,Search - NonBrand,22740783748
sop for inventory control,EXACT,1187426609659,[],OMS,181971021779,Search - NonBrand,22740783748
aleran software,EXACT,1189010969991,[],OMS,181971021779,Search - NonBrand,22740783748
yodify,EXACT,1198566111534,[],OMS,181971021779,Search - NonBrand,22740783748
dynamics 365 intelligent order management,EXACT,1203189849836,[],OMS,181971021779,Search - NonBrand,22740783748
odoo oms,EXACT,1220402096598,[],OMS,181971021779,Search - NonBrand,22740783748
how a purchase order works,EXACT,1224564526247,[],OMS,181971021779,Search - NonBrand,22740783748
prettydamnquick,EXACT,1224819025823,[],OMS,181971021779,Search - NonBrand,22740783748
deliverect competitors,EXACT,1224826133895,[],OMS,181971021779,Search - NonBrand,22740783748
order management oracle fusion,EXACT,1225746825033,[],OMS,181971021779,Search - NonBrand,22740783748
orderlytics,EXACT,1230484261394,[],OMS,181971021779,Search - NonBrand,22740783748
retail dimensions,EXACT,1234597288781,[],OMS,181971021779,Search - NonBrand,22740783748
ups order management system,EXACT,1237590535875,[],OMS,181971021779,Search - NonBrand,22740783748
nex e commerce,EXACT,1237904936082,[],OMS,181971021779,Search - NonBrand,22740783748
janis oms,EXACT,1240435025519,[],OMS,181971021779,Search - NonBrand,22740783748
deliverect demo,EXACT,1251825185686,[],OMS,181971021779,Search - NonBrand,22740783748
oms manhattan,EXACT,1273822773324,[],OMS,181971021779,Search - NonBrand,22740783748
enopoly,BROAD,1292663472669,[],OMS,181971021779,Search - NonBrand,22740783748
orders tracking for woocommerce,EXACT,1302633584293,[],OMS,181971021779,Search - NonBrand,22740783748
ecom flow,EXACT,1337829788065,[],OMS,181971021779,Search - NonBrand,22740783748
deposco bright suite,EXACT,1358258318626,[],OMS,181971021779,Search - NonBrand,22740783748
oracle ordering,EXACT,1359920740925,[],OMS,181971021779,Search - NonBrand,22740783748
kion software,EXACT,1361456710221,[],OMS,181971021779,Search - NonBrand,22740783748
digital twins supply chain,EXACT,1362846613594,[],OMS,181971021779,Search - NonBrand,22740783748
how to make sku for products,EXACT,1364321919095,[],OMS,181971021779,Search - NonBrand,22740783748
malomo,EXACT,1394576567488,[],OMS,181971021779,Search - NonBrand,22740783748
broadridge oms,EXACT,1396515082065,[],OMS,181971021779,Search - NonBrand,22740783748
apex order pickup solutions,EXACT,1397558228572,[],OMS,181971021779,Search - NonBrand,22740783748
lightspeed nuorder,EXACT,1403037290786,[],OMS,181971021779,Search - NonBrand,22740783748
ordergrid,EXACT,1406771709766,[],OMS,181971021779,Search - NonBrand,22740783748
fluent commerce oms,EXACT,1408846040829,[],OMS,181971021779,Search - NonBrand,22740783748
woocommerce order approval,EXACT,1418115104545,[],OMS,181971021779,Search - NonBrand,22740783748
conexium,EXACT,1423289561493,[],OMS,181971021779,Search - NonBrand,22740783748
masonhub,EXACT,1426715274849,[],OMS,181971021779,Search - NonBrand,22740783748
fabric oms,EXACT,1426870072062,[],OMS,181971021779,Search - NonBrand,22740783748
quickbooks sales order fulfillment worksheet,EXACT,1433145472745,[],OMS,181971021779,Search - NonBrand,22740783748
skusavvy,EXACT,1433861805049,[],OMS,181971021779,Search - NonBrand,22740783748
orderease,EXACT,1438159983241,[],OMS,181971021779,Search - NonBrand,22740783748
orodor,EXACT,1439098599503,[],OMS,181971021779,Search - NonBrand,22740783748
ordering com,EXACT,1447065705967,[],OMS,181971021779,Search - NonBrand,22740783748
fluent oms,EXACT,1462300717342,[],OMS,181971021779,Search - NonBrand,22740783748
cartpanda,EXACT,1462422316311,[],OMS,181971021779,Search - NonBrand,22740783748
amazon veeqo,EXACT,1463690903929,[],OMS,181971021779,Search - NonBrand,22740783748
cuboh competitors,EXACT,1464162933266,[],OMS,181971021779,Search - NonBrand,22740783748
infiplex,EXACT,1466041666058,[],OMS,181971021779,Search - NonBrand,22740783748
dydacomp freestyle,EXACT,1467009405798,[],OMS,181971021779,Search - NonBrand,22740783748
orderstream,EXACT,1479249792702,[],OMS,181971021779,Search - NonBrand,22740783748
nuorder by lightspeed,EXACT,1530323616443,[],OMS,181971021779,Search - NonBrand,22740783748
fulfill io,EXACT,1558465500608,[],OMS,181971021779,Search - NonBrand,22740783748
commercetools order management,EXACT,1562106351769,[],OMS,181971021779,Search - NonBrand,22740783748
orderfull,EXACT,1574552217799,[],OMS,181971021779,Search - NonBrand,22740783748
gestion de bon de commande,EXACT,1576700328159,[],OMS,181971021779,Search - NonBrand,22740783748
sqquid,EXACT,1585252136611,[],OMS,181971021779,Search - NonBrand,22740783748
gartner order to cash,EXACT,1597244263350,[],OMS,181971021779,Search - NonBrand,22740783748
cdk pricing,EXACT,1598913601183,[],OMS,181971021779,Search - NonBrand,22740783748
edi as a b2b tool,EXACT,1599127547435,[],OMS,181971021779,Search - NonBrand,22740783748
how to create a po system,EXACT,1600883741184,[],OMS,181971021779,Search - NonBrand,22740783748
orderwerks,EXACT,1602334503995,[],OMS,181971021779,Search - NonBrand,22740783748
monday order management,EXACT,1627939266202,[],OMS,181971021779,Search - NonBrand,22740783748
invafresh,EXACT,1634324757060,[],OMS,181971021779,Search - NonBrand,22740783748
orderhive cin7,EXACT,1635042911206,[],OMS,181971021779,Search - NonBrand,22740783748
how to determine wholesale pricing,EXACT,1635819840420,[],OMS,181971021779,Search - NonBrand,22740783748
d2c order management,BROAD,1638760411395,['https://kibocommerce.com/platform/order-management/'],OMS,181971021779,Search - NonBrand,22740783748
order tracking ui,EXACT,1641360330619,[],OMS,181971021779,Search - NonBrand,22740783748
retail decision tools,EXACT,1643865712993,[],OMS,181971021779,Search - NonBrand,22740783748
stone edge oms,EXACT,1646456498140,[],OMS,181971021779,Search - NonBrand,22740783748
min max inventory control,EXACT,1647378641239,[],OMS,181971021779,Search - NonBrand,22740783748
order management system for b2b,EXACT,1651892258843,[],OMS,181971021779,Search - NonBrand,22740783748
consumer goods plm,EXACT,1653982729414,[],OMS,181971021779,Search - NonBrand,22740783748
how to implement a kanban inventory system,EXACT,1656603299659,[],OMS,181971021779,Search - NonBrand,22740783748
adobe oms,EXACT,1656682660949,[],OMS,181971021779,Search - NonBrand,22740783748
stock68,EXACT,1656879384128,[],OMS,181971021779,Search - NonBrand,22740783748
jewel360,EXACT,1663561305063,[],OMS,181971021779,Search - NonBrand,22740783748
wis inventory solutions,EXACT,1675748786058,[],OMS,181971021779,Search - NonBrand,22740783748
calculate reorder point with safety stock,EXACT,1675908644306,[],OMS,181971021779,Search - NonBrand,22740783748
oracle siocs,EXACT,1679755966014,[],OMS,181971021779,Search - NonBrand,22740783748
order desk integrations,EXACT,1683255803016,[],OMS,181971021779,Search - NonBrand,22740783748
oms overview,EXACT,1685974937276,[],OMS,181971021779,Search - NonBrand,22740783748
   ,EXACT,1688246144835,[],OMS,181971021779,Search - NonBrand,22740783748
how to calculate slow moving inventory,EXACT,1717079719127,[],OMS,181971021779,Search - NonBrand,22740783748
pomesys,EXACT,1722261898301,[],OMS,181971021779,Search - NonBrand,22740783748
plm for specialty retailers,EXACT,1727391864679,[],OMS,181971021779,Search - NonBrand,22740783748
inventory classification methods,EXACT,1728300915027,[],OMS,181971021779,Search - NonBrand,22740783748
aerorders,EXACT,1733125716640,[],OMS,181971021779,Search - NonBrand,22740783748
darwynn fulfillment,EXACT,1792740117278,[],OMS,181971021779,Search - NonBrand,22740783748
orders4u,EXACT,1796097616478,[],OMS,181971021779,Search - NonBrand,22740783748
orderwis,EXACT,1799674946545,[],OMS,181971021779,Search - NonBrand,22740783748
wms po,EXACT,1801427048832,[],OMS,181971021779,Search - NonBrand,22740783748
olo omnivore,EXACT,1808332960933,[],OMS,181971021779,Search - NonBrand,22740783748
ordefy,EXACT,1809993060211,[],OMS,181971021779,Search - NonBrand,22740783748
how do i create sku numbers for products,EXACT,1819938427367,[],OMS,181971021779,Search - NonBrand,22740783748
dckap integrator,EXACT,1845740617148,[],OMS,181971021779,Search - NonBrand,22740783748
packiyo,EXACT,1854771757086,[],OMS,181971021779,Search - NonBrand,22740783748
orderz,EXACT,1859348746795,[],OMS,181971021779,Search - NonBrand,22740783748
automated import reference system,EXACT,1876627008163,[],OMS,181971021779,Search - NonBrand,22740783748
order management interface,EXACT,1876871402762,[],OMS,181971021779,Search - NonBrand,22740783748
oracle order to cash training,EXACT,1878577713001,[],OMS,181971021779,Search - NonBrand,22740783748
traverse systems,EXACT,1881813200860,[],OMS,181971021779,Search - NonBrand,22740783748
onro app,EXACT,1901952756886,[],OMS,181971021779,Search - NonBrand,22740783748
b2b wholesale solution shopify,EXACT,1918676352884,[],OMS,181971021779,Search - NonBrand,22740783748
orderai,EXACT,1918964798826,[],OMS,181971021779,Search - NonBrand,22740783748
extensiv order manager,EXACT,1929610642736,[],OMS,181971021779,Search - NonBrand,22740783748
digitbridge,EXACT,1932304477409,[],OMS,181971021779,Search - NonBrand,22740783748
scrollengine,EXACT,1932807522235,[],OMS,181971021779,Search - NonBrand,22740783748
cin7 core,EXACT,1942910059907,[],OMS,181971021779,Search - NonBrand,22740783748
cin7 omni,EXACT,1942910060067,[],OMS,181971021779,Search - NonBrand,22740783748
ethos tracking,EXACT,1944175586550,[],OMS,181971021779,Search - NonBrand,22740783748
salesforce oms implementation guide,EXACT,1945561749978,[],OMS,181971021779,Search - NonBrand,22740783748
lightspeed s series,EXACT,1946770363183,[],OMS,181971021779,Search - NonBrand,22740783748
thrive inventory by shopventory,EXACT,1958830229648,[],OMS,181971021779,Search - NonBrand,22740783748
cleverific,EXACT,1958871372685,[],OMS,181971021779,Search - NonBrand,22740783748
sap order management for sourcing and availability,EXACT,1966647617645,[],OMS,181971021779,Search - NonBrand,22740783748
plm for ecommerce,EXACT,1967001381784,[],OMS,181971021779,Search - NonBrand,22740783748
buyonik,EXACT,2000864761894,[],OMS,181971021779,Search - NonBrand,22740783748
orderdigitalsolutions,EXACT,2006351603643,[],OMS,181971021779,Search - NonBrand,22740783748
flavorcloud,EXACT,2010603416864,[],OMS,181971021779,Search - NonBrand,22740783748
usepepper,EXACT,2018099700897,[],OMS,181971021779,Search - NonBrand,22740783748
min max levels in inventory,EXACT,2064075028926,[],OMS,181971021779,Search - NonBrand,22740783748
ecomflow,EXACT,2081389647513,[],OMS,181971021779,Search - NonBrand,22740783748
automatic release of sales orders d365,EXACT,2082336775617,[],OMS,181971021779,Search - NonBrand,22740783748
lifecycle of an order,EXACT,2085658971966,[],OMS,181971021779,Search - NonBrand,22740783748
depsco,EXACT,2088537945562,[],OMS,181971021779,Search - NonBrand,22740783748
order online ai,EXACT,2093132916663,[],OMS,181971021779,Search - NonBrand,22740783748
hopstack,EXACT,2099491891192,[],OMS,181971021779,Search - NonBrand,22740783748
nextbyn,EXACT,2108795383810,[],OMS,181971021779,Search - NonBrand,22740783748
average order value benchmark,EXACT,2132958225060,[],OMS,181971021779,Search - NonBrand,22740783748
ai orders,EXACT,2161888658048,[],OMS,181971021779,Search - NonBrand,22740783748
cin7core,EXACT,2171952185469,[],OMS,181971021779,Search - NonBrand,22740783748
hyperzod,EXACT,2174379265865,[],OMS,181971021779,Search - NonBrand,22740783748
bbu ion com,EXACT,2175284973022,[],OMS,181971021779,Search - NonBrand,22740783748
app next nuorder,EXACT,2176356343622,[],OMS,181971021779,Search - NonBrand,22740783748
centric planning,EXACT,2178785110701,[],OMS,181971021779,Search - NonBrand,22740783748
skulibrary,EXACT,2185520850849,[],OMS,181971021779,Search - NonBrand,22740783748
intercompany purchase order,EXACT,2186872717129,[],OMS,181971021779,Search - NonBrand,22740783748
korber oms,EXACT,2220070255378,[],OMS,181971021779,Search - NonBrand,22740783748
sap flexible workflow for purchase order,EXACT,2228668675094,[],OMS,181971021779,Search - NonBrand,22740783748
s q c d p,EXACT,2228933900848,[],OMS,181971021779,Search - NonBrand,22740783748
order up to inventory model,EXACT,2230944997355,[],OMS,181971021779,Search - NonBrand,22740783748
lboe prep,EXACT,2232846609780,[],OMS,181971021779,Search - NonBrand,22740783748
wrangle io,EXACT,2244574112296,[],OMS,181971021779,Search - NonBrand,22740783748
order41,EXACT,2251464225529,[],OMS,181971021779,Search - NonBrand,22740783748
how do i make a purchase order,EXACT,2262381747333,[],OMS,181971021779,Search - NonBrand,22740783748
fulfillment optimization software,BROAD,2268117950587,['https://kibocommerce.com/platform/order-management/'],OMS,181971021779,Search - NonBrand,22740783748
available to promise software,BROAD,2268193215755,['https://kibocommerce.com/platform/inventory-promising/'],OMS,181971021779,Search - NonBrand,22740783748
orderful company,EXACT,2268196123606,[],OMS,181971021779,Search - NonBrand,22740783748
orderful linkedin,EXACT,2268196123646,[],OMS,181971021779,Search - NonBrand,22740783748
activepieces pricing,EXACT,2276056550079,[],OMS,181971021779,Search - NonBrand,22740783748
opedock,EXACT,2276971341251,[],OMS,181971021779,Search - NonBrand,22740783748
xtensiv,EXACT,2277727968436,[],OMS,181971021779,Search - NonBrand,22740783748
cartpanda com,EXACT,2278601175018,[],OMS,181971021779,Search - NonBrand,22740783748
s&op process implementation,EXACT,2278901026545,[],OMS,181971021779,Search - NonBrand,22740783748
koerber oms,EXACT,2280526428926,[],OMS,181971021779,Search - NonBrand,22740783748
cin7 sales orders,EXACT,2281594402212,[],OMS,181971021779,Search - NonBrand,22740783748
shopify mesa,EXACT,2283070786018,[],OMS,181971021779,Search - NonBrand,22740783748
tiktok shop inventory management,EXACT,2283745715678,[],OMS,181971021779,Search - NonBrand,22740783748
kardex power pick system,EXACT,2287338253154,[],OMS,181971021779,Search - NonBrand,22740783748
servicenow som,EXACT,2289221601774,[],OMS,181971021779,Search - NonBrand,22740783748
deck oms,EXACT,2292197330333,[],OMS,181971021779,Search - NonBrand,22740783748
how to improve order accuracy in restaurant,EXACT,2292422481356,[],OMS,181971021779,Search - NonBrand,22740783748
auto purchase orders,EXACT,2293690711426,[],OMS,181971021779,Search - NonBrand,22740783748
quadient wts,EXACT,2295179421117,[],OMS,181971021779,Search - NonBrand,22740783748
ordering lead time,EXACT,2295184630722,[],OMS,181971021779,Search - NonBrand,22740783748
new horizon ai,EXACT,2295234050080,[],OMS,181971021779,Search - NonBrand,22740783748
fynd oms,EXACT,2299110325892,[],OMS,181971021779,Search - NonBrand,22740783748
flipwise,BROAD,2300908163891,[],OMS,181971021779,Search - NonBrand,22740783748
edi ecommerce order processing,EXACT,2303081997097,[],OMS,181971021779,Search - NonBrand,22740783748
eci evolutionx,EXACT,2303241167895,[],OMS,181971021779,Search - NonBrand,22740783748
eze oms competitors,EXACT,2303389323745,[],OMS,181971021779,Search - NonBrand,22740783748
order guide for restaurant,EXACT,2306107850554,[],OMS,181971021779,Search - NonBrand,22740783748
spares planning and control,EXACT,2311737306711,[],OMS,181971021779,Search - NonBrand,22740783748
easify product options,EXACT,2315444227855,[],OMS,181971021779,Search - NonBrand,22740783748
agentic workflows,EXACT,2317212346468,[],OMS,181971021779,Search - NonBrand,22740783748
quivers com,EXACT,2318395268567,[],OMS,181971021779,Search - NonBrand,22740783748
how do companies decide which inventory system to use,EXACT,2327505666143,[],OMS,181971021779,Search - NonBrand,22740783748
retail ready ai,EXACT,2330462821354,[],OMS,181971021779,Search - NonBrand,22740783748
omnione sales and orders,EXACT,2338793706405,[],OMS,181971021779,Search - NonBrand,22740783748
omnigate systems,EXACT,2341019469781,[],OMS,181971021779,Search - NonBrand,22740783748
order fulfillment accuracy,EXACT,2348094017956,[],OMS,181971021779,Search - NonBrand,22740783748
teamworks inventory management,EXACT,2361775565886,[],OMS,181971021779,Search - NonBrand,22740783748
pip17,EXACT,2364996478026,[],OMS,181971021779,Search - NonBrand,22740783748
caratiq,EXACT,2365394423414,[],OMS,181971021779,Search - NonBrand,22740783748
ordergenius,EXACT,2366425500150,[],OMS,181971021779,Search - NonBrand,22740783748
how to create wholesale orders on shopify,EXACT,2367397857974,[],OMS,181971021779,Search - NonBrand,22740783748
intelligent ordering system bbu,EXACT,2369206048022,[],OMS,181971021779,Search - NonBrand,22740783748
estimated delivery date software,BROAD,2372553702155,['https://kibocommerce.com/platform/inventory-promising/'],OMS,181971021779,Search - NonBrand,22740783748
agentic commerce,EXACT,2375893779252,[],OMS,181971021779,Search - NonBrand,22740783748
sales order agent business central,EXACT,2376418991419,[],OMS,181971021779,Search - NonBrand,22740783748
order management with printify connect,EXACT,2384479319920,[],OMS,181971021779,Search - NonBrand,22740783748
ai order entry,EXACT,2392871187735,[],OMS,181971021779,Search - NonBrand,22740783748
how to determine reorder point and reorder quantity,EXACT,2393232720859,[],OMS,181971021779,Search - NonBrand,22740783748
augmodo,EXACT,2398794982297,[],OMS,181971021779,Search - NonBrand,22740783748
bapi_salesorder_createfromdat2,EXACT,2404203193376,[],OMS,181971021779,Search - NonBrand,22740783748
company vehicle operations online ordering system,EXACT,2408758077085,[],OMS,181971021779,Search - NonBrand,22740783748
3p mercury,EXACT,2409473641384,[],OMS,181971021779,Search - NonBrand,22740783748
infios wms,EXACT,2411441211962,[],OMS,181971021779,Search - NonBrand,22740783748
commerce control center,EXACT,2411685435813,[],OMS,181971021779,Search - NonBrand,22740783748
workmate shopify,EXACT,2412284386926,[],OMS,181971021779,Search - NonBrand,22740783748
b2b order management system demo,BROAD,2412682201903,[],OMS,181971021779,Search - NonBrand,22740783748
freshservice purchase order management,EXACT,2413400468875,[],OMS,181971021779,Search - NonBrand,22740783748
maintainx procedure library,EXACT,2414042763350,[],OMS,181971021779,Search - NonBrand,22740783748
b2b oms software,EXACT,2416995562319,[],OMS,181971021779,Search - NonBrand,22740783748
b2b oms solution,EXACT,2416995562479,[],OMS,181971021779,Search - NonBrand,22740783748
oms for ecommerce businesses,EXACT,2416995562519,[],OMS,181971021779,Search - NonBrand,22740783748
rithum dsco,EXACT,2419505291728,[],OMS,181971021779,Search - NonBrand,22740783748
openai commerce,EXACT,2424162567581,[],OMS,181971021779,Search - NonBrand,22740783748
orderpro analytics,EXACT,2425798569810,[],OMS,181971021779,Search - NonBrand,22740783748
aiq commerce,EXACT,2428196835095,[],OMS,181971021779,Search - NonBrand,22740783748
multi warehouse order management,EXACT,2428927080602,[],OMS,181971021779,Search - NonBrand,22740783748
life cycle of an order,EXACT,2434230140143,[],OMS,181971021779,Search - NonBrand,22740783748
rop roq,EXACT,2434512892704,[],OMS,181971021779,Search - NonBrand,22740783748
b2b oms demo request,EXACT,2434820978614,[],OMS,181971021779,Search - NonBrand,22740783748
oms demo request,EXACT,2434820978774,[],OMS,181971021779,Search - NonBrand,22740783748
order management platform demo,EXACT,2434820978854,[],OMS,181971021779,Search - NonBrand,22740783748
order orchestration platform,BROAD,2435099379509,['https://kibocommerce.com/platform/inventory-promising/'],OMS,181971021779,Search - NonBrand,22740783748
iflowgo,EXACT,2437678454103,[],OMS,181971021779,Search - NonBrand,22740783748
tmf638,EXACT,2437811161163,[],OMS,181971021779,Search - NonBrand,22740783748
oracle order administration tool,EXACT,2439581150381,[],OMS,181971021779,Search - NonBrand,22740783748
camera recording for fulfillment packing orders,EXACT,2442553864968,[],OMS,181971021779,Search - NonBrand,22740783748
open order report,EXACT,2442606786427,[],OMS,181971021779,Search - NonBrand,22740783748
ordersplus,EXACT,2442606786467,[],OMS,181971021779,Search - NonBrand,22740783748
product category hierarchy,EXACT,2442620259242,[],OMS,181971021779,Search - NonBrand,22740783748
request fulfillment workflow,EXACT,2442620259282,[],OMS,181971021779,Search - NonBrand,22740783748
takeorder ai,EXACT,2442685292546,[],OMS,181971021779,Search - NonBrand,22740783748
radial ordering system,EXACT,2442776258049,[],OMS,181971021779,Search - NonBrand,22740783748
getdyniq,EXACT,2443773515891,[],OMS,181971021779,Search - NonBrand,22740783748
how to reduce backorders,EXACT,2443773515971,[],OMS,181971021779,Search - NonBrand,22740783748
build to stock vs build to order,EXACT,2443773516371,[],OMS,181971021779,Search - NonBrand,22740783748
smoothcommerce,EXACT,2443775510811,[],OMS,181971021779,Search - NonBrand,22740783748
tmf622,EXACT,2443775510851,[],OMS,181971021779,Search - NonBrand,22740783748
large scale order management system,BROAD,2443783207823,[],OMS,181971021779,Search - NonBrand,22740783748
vendor managed inventory for ecommerce texas,EXACT,2443857702614,[],OMS,181971021779,Search - NonBrand,22740783748
managing delivery replenishment,EXACT,2448234878532,[],OMS,181971021779,Search - NonBrand,22740783748
nango status,EXACT,2448234878572,[],OMS,181971021779,Search - NonBrand,22740783748
motogo systems,EXACT,2448234885492,[],OMS,181971021779,Search - NonBrand,22740783748
delivery date promise software,BROAD,2464365760556,['https://kibocommerce.com/platform/inventory-promising/'],OMS,181971021779,Search - NonBrand,22740783748
catering delivery tracking,EXACT,2509767095197,[],OMS,181971021779,Search - NonBrand,22740783748
dtc order processing costs,EXACT,2509767095237,[],OMS,181971021779,Search - NonBrand,22740783748
a b c classification,EXACT,2509975526797,[],OMS,181971021779,Search - NonBrand,22740783748
fifo process flow chart,EXACT,2509975527277,[],OMS,181971021779,Search - NonBrand,22740783748
yard management rtls,EXACT,2509975527517,[],OMS,181971021779,Search - NonBrand,22740783748
atp ctp software,BROAD,2656172085792,['https://kibocommerce.com/platform/inventory-promising/'],OMS,181971021779,Search - NonBrand,22740783748
shipify,BROAD,11985891073,[],Agentic Commerce,182733968542,Search - NonBrand,22740783748
you can,EXACT,306975936908,[],Agentic Commerce,182733968542,Search - NonBrand,22740783748
global e,EXACT,326055755954,[],Agentic Commerce,182733968542,Search - NonBrand,22740783748
b2b digital ecommerce,EXACT,345735803448,[],Agentic Commerce,182733968542,Search - NonBrand,22740783748
buyers edge platform,EXACT,933301626124,[],Agentic Commerce,182733968542,Search - NonBrand,22740783748
zendrop,BROAD,1095620012832,[],Agentic Commerce,182733968542,Search - NonBrand,22740783748
enopoly,BROAD,1292663472669,[],Agentic Commerce,182733968542,Search - NonBrand,22740783748
flipwise,BROAD,2300908163891,[],Agentic Commerce,182733968542,Search - NonBrand,22740783748
b2b ecommerce ai strategy implementation,EXACT,2440117684470,[],Agentic Commerce,182733968542,Search - NonBrand,22740783748
b2b ecommerce ai adoption roadmap,EXACT,2440117684510,[],Agentic Commerce,182733968542,Search - NonBrand,22740783748
b2b ecommerce ai strategy,EXACT,2440117684710,[],Agentic Commerce,182733968542,Search - NonBrand,22740783748
enterprise ai ecommerce adoption,EXACT,2440117684790,[],Agentic Commerce,182733968542,Search - NonBrand,22740783748
enterprise ai ecommerce implementation,EXACT,2440117684950,[],Agentic Commerce,182733968542,Search - NonBrand,22740783748
b2b genai ecommerce solutions,EXACT,2442134513748,[],Agentic Commerce,182733968542,Search - NonBrand,22740783748
b2b agentic commerce,EXACT,2442134513908,['https://kibocommerce.com/platform/agentic-commerce/'],Agentic Commerce,182733968542,Search - NonBrand,22740783748
b2b agentic commerce implementation,EXACT,2442134513948,[],Agentic Commerce,182733968542,Search - NonBrand,22740783748
manufacturing commerce platform,EXACT,307380409372,[],NB - Manufacturers,184871850702,Search - NonBrand,22740783748
manufacturing order management system,EXACT,378331732484,['https://kibocommerce.com/ppc/manufacturing/#form'],NB - Manufacturers,184871850702,Search - NonBrand,22740783748
manufacturer ecommerce platform,EXACT,568619230228,['https://kibocommerce.com/ppc/manufacturing/'],NB - Manufacturers,184871850702,Search - NonBrand,22740783748
manufacturing channel management,EXACT,838069882962,[],NB - Manufacturers,184871850702,Search - NonBrand,22740783748
order management system for b2b,EXACT,1651892258843,[],NB - Manufacturers,184871850702,Search - NonBrand,22740783748
production capacity management system,EXACT,2304440526187,[],NB - Manufacturers,184871850702,Search - NonBrand,22740783748
dealer portal channel conflict,EXACT,2446631001533,[],NB - Manufacturers,184871850702,Search - NonBrand,22740783748
dealer portal for manufacturers,EXACT,2446631001573,[],NB - Manufacturers,184871850702,Search - NonBrand,22740783748
dealer territory management software,EXACT,2446631001773,[],NB - Manufacturers,184871850702,Search - NonBrand,22740783748
manufacturer b2b portal,EXACT,2446631001813,[],NB - Manufacturers,184871850702,Search - NonBrand,22740783748
manufacturer dealer portal software,EXACT,2446631001973,[],NB - Manufacturers,184871850702,Search - NonBrand,22740783748
oem ecommerce platform,EXACT,2446631002013,[],NB - Manufacturers,184871850702,Search - NonBrand,22740783748
manufacturer order orchestration,EXACT,2446631002053,[],NB - Manufacturers,184871850702,Search - NonBrand,22740783748
manufacturing atp ctp system,EXACT,2446631002213,[],NB - Manufacturers,184871850702,Search - NonBrand,22740783748
manufacturing sla orchestration,EXACT,2446631002253,[],NB - Manufacturers,184871850702,Search - NonBrand,22740783748
production order management platform,EXACT,2446631002293,[],NB - Manufacturers,184871850702,Search - NonBrand,22740783748
complex manufacturing pricing system,EXACT,2446631002453,[],NB - Manufacturers,184871850702,Search - NonBrand,22740783748
enterprise manufacturing buying portal,EXACT,2446631002493,[],NB - Manufacturers,184871850702,Search - NonBrand,22740783748
manufacturer multi tier pricing platform,EXACT,2446631002533,[],NB - Manufacturers,184871850702,Search - NonBrand,22740783748
manufacturing approval workflows,EXACT,2446631002693,[],NB - Manufacturers,184871850702,Search - NonBrand,22740783748
manufacturing quote automation,EXACT,2446631002773,[],NB - Manufacturers,184871850702,Search - NonBrand,22740783748
multi brand manufacturing commerce,EXACT,2446631002933,[],NB - Manufacturers,184871850702,Search - NonBrand,22740783748
role based manufacturing buying,EXACT,2446631002973,[],NB - Manufacturers,184871850702,Search - NonBrand,22740783748
manufacturing fulfillment platform,EXACT,2446631005573,[],NB - Manufacturers,184871850702,Search - NonBrand,22740783748
wholesale inventory management system,EXACT,337843569813,[],NB - Wholesalers,184871850862,Search - NonBrand,22740783748
wholesale distribution platform,EXACT,347267881823,['https://kibocommerce.com/ppc/wholesale/'],NB - Wholesalers,184871850862,Search - NonBrand,22740783748
wholesale ecommerce platform,EXACT,361754558157,['https://kibocommerce.com/ppc/wholesale/'],NB - Wholesalers,184871850862,Search - NonBrand,22740783748
vendor managed inventory platform,EXACT,383521292601,[],NB - Wholesalers,184871850862,Search - NonBrand,22740783748
wholesale order management system,EXACT,385738105884,['https://kibocommerce.com/ppc/wholesale/#order-management'],NB - Wholesalers,184871850862,Search - NonBrand,22740783748
wholesale b2b portal,EXACT,942633355197,['https://kibocommerce.com/ppc/wholesale/#b2b-commerce'],NB - Wholesalers,184871850862,Search - NonBrand,22740783748
wholesale commerce software,EXACT,2277707876577,[],NB - Wholesalers,184871850862,Search - NonBrand,22740783748
wholesale edi integration platform,EXACT,2419310352946,[],NB - Wholesalers,184871850862,Search - NonBrand,22740783748
wholesale branch management system,EXACT,2446631003013,[],NB - Wholesalers,184871850862,Search - NonBrand,22740783748
wholesale buyer portal software,EXACT,2446631003173,[],NB - Wholesalers,184871850862,Search - NonBrand,22740783748
wholesale dealer portal,EXACT,2446631003213,[],NB - Wholesalers,184871850862,Search - NonBrand,22740783748
wholesale countersales software,EXACT,2446631003253,[],NB - Wholesalers,184871850862,Search - NonBrand,22740783748
wholesale trade portal,EXACT,2446631003413,[],NB - Wholesalers,184871850862,Search - NonBrand,22740783748
dropship management platform,EXACT,2446631003453,[],NB - Wholesalers,184871850862,Search - NonBrand,22740783748
dropship supplier integration,EXACT,2446631003493,[],NB - Wholesalers,184871850862,Search - NonBrand,22740783748
multi distribution center order management,EXACT,2446631003653,[],NB - Wholesalers,184871850862,Search - NonBrand,22740783748
wholesale order orchestration,EXACT,2446631003693,[],NB - Wholesalers,184871850862,Search - NonBrand,22740783748
edi digital order unification,EXACT,2446631003733,[],NB - Wholesalers,184871850862,Search - NonBrand,22740783748
wholesale catalog expansion platform,EXACT,2446631003893,[],NB - Wholesalers,184871850862,Search - NonBrand,22740783748
wholesale margin optimization,EXACT,2446631003933,[],NB - Wholesalers,184871850862,Search - NonBrand,22740783748
wholesale pricing fulfillment platform,EXACT,2446631003973,[],NB - Wholesalers,184871850862,Search - NonBrand,22740783748
wholesale sales assisted portal,EXACT,2446631004133,[],NB - Wholesalers,184871850862,Search - NonBrand,22740783748
wholesale sla management,EXACT,2446631004173,[],NB - Wholesalers,184871850862,Search - NonBrand,22740783748
wholesale volume based pricing,EXACT,2446631004213,[],NB - Wholesalers,184871850862,Search - NonBrand,22740783748
fulfillment,PHRASE,10407581,[],NB - General B2B,184871850902,Search - NonBrand,22740783748
order management,PHRASE,11470861,[],NB - General B2B,184871850902,Search - NonBrand,22740783748
b2b ecommerce software,PHRASE,15215641,[],NB - General B2B,184871850902,Search - NonBrand,22740783748
b2b e-commerce,PHRASE,21634460,[],NB - General B2B,184871850902,Search - NonBrand,22740783748
b2b ecommerce,PHRASE,26391241,[],NB - General B2B,184871850902,Search - NonBrand,22740783748
b2b ecommerce solutions,PHRASE,30351781,[],NB - General B2B,184871850902,Search - NonBrand,22740783748
returns management,PHRASE,44138821,[],NB - General B2B,184871850902,Search - NonBrand,22740783748
oms,PHRASE,73647060,[],NB - General B2B,184871850902,Search - NonBrand,22740783748
b2b trade portal,EXACT,1558473315,['https://kibocommerce.com/ppc/wholesale/#b2b-commerce'],NB - General B2B,184871850902,Search - NonBrand,22740783748
best b2b websites,EXACT,4359206144,[],NB - General B2B,184871850902,Search - NonBrand,22740783748
b2b ecommerce platform,PHRASE,11265865041,[],NB - General B2B,184871850902,Search - NonBrand,22740783748
unified commerce,PHRASE,118477682402,[],NB - General B2B,184871850902,Search - NonBrand,22740783748
b2b ecommerce solution,PHRASE,295811613550,[],NB - General B2B,184871850902,Search - NonBrand,22740783748
b2b ecommerce solution,EXACT,295811616670,['https://kibocommerce.com/solutions/b2b/'],NB - General B2B,184871850902,Search - NonBrand,22740783748
enterprise ecommerce platform,BROAD,297878144288,['https://kibocommerce.com/solutions/b2b/'],NB - General B2B,184871850902,Search - NonBrand,22740783748
b2b commerce software,EXACT,297982384973,['https://kibocommerce.com/solutions/b2b/'],NB - General B2B,184871850902,Search - NonBrand,22740783748
b2b pricing software,BROAD,298774916546,['https://kibocommerce.com/platform/catalog-price-promo/'],NB - General B2B,184871850902,Search - NonBrand,22740783748
unified commerce platform,EXACT,298836115610,['https://kibocommerce.com/'],NB - General B2B,184871850902,Search - NonBrand,22740783748
b2b commerce platform,EXACT,298863686055,['https://kibocommerce.com/solutions/b2b/'],NB - General B2B,184871850902,Search - NonBrand,22740783748
reverse logistics,PHRASE,299157207548,[],NB - General B2B,184871850902,Search - NonBrand,22740783748
b2b dealer portal,EXACT,299341196134,['https://kibocommerce.com/ppc/manufacturing/#b2b-commerce'],NB - General B2B,184871850902,Search - NonBrand,22740783748
quote to cash software,BROAD,301388391014,['https://kibocommerce.com/solutions/b2b/'],NB - General B2B,184871850902,Search - NonBrand,22740783748
headless commerce,PHRASE,302530178793,[],NB - General B2B,184871850902,Search - NonBrand,22740783748
unified commerce software,BROAD,304835386223,['https://kibocommerce.com/'],NB - General B2B,184871850902,Search - NonBrand,22740783748
b2b ecommerce platforms,PHRASE,308231368763,[],NB - General B2B,184871850902,Search - NonBrand,22740783748
auto parts ecommerce,BROAD,312061143572,['https://kibocommerce.com/solutions/auto-parts/'],NB - General B2B,184871850902,Search - NonBrand,22740783748
best b2b ecommerce platforms,EXACT,313614260320,['https://kibocommerce.com/solutions/b2b/'],NB - General B2B,184871850902,Search - NonBrand,22740783748
b2b ecommerce platforms,EXACT,314490958718,['https://kibocommerce.com/solutions/b2b/'],NB - General B2B,184871850902,Search - NonBrand,22740783748
inventory visibility,PHRASE,325589747170,[],NB - General B2B,184871850902,Search - NonBrand,22740783748
digital commerce solutions,EXACT,327368516074,['https://kibocommerce.com/'],NB - General B2B,184871850902,Search - NonBrand,22740783748
grocery ecommerce platform,BROAD,340306057808,['https://kibocommerce.com/solutions/grocery/'],NB - General B2B,184871850902,Search - NonBrand,22740783748
ai search ecommerce,BROAD,345382090791,['https://kibocommerce.com/platform/ai-search/'],NB - General B2B,184871850902,Search - NonBrand,22740783748
multi location inventory management,EXACT,357018782546,['https://kibocommerce.com/platform/inventory-visibility/'],NB - General B2B,184871850902,Search - NonBrand,22740783748
contract pricing software,BROAD,381669986586,['https://kibocommerce.com/solutions/b2b/'],NB - General B2B,184871850902,Search - NonBrand,22740783748
b2b order portal,EXACT,385161927487,['https://kibocommerce.com/solutions/b2b/'],NB - General B2B,184871850902,Search - NonBrand,22740783748
b2b ecommerce services,PHRASE,439061993750,[],NB - General B2B,184871850902,Search - NonBrand,22740783748
b2b ecommerce services,EXACT,463074009800,['https://kibocommerce.com/solutions/b2b/'],NB - General B2B,184871850902,Search - NonBrand,22740783748
b2b customer portal software,BROAD,661503072602,['https://kibocommerce.com/solutions/b2b/'],NB - General B2B,184871850902,Search - NonBrand,22740783748
b2b self service portal,BROAD,818810391987,['https://kibocommerce.com/ppc/wholesale/#b2b-commerce'],NB - General B2B,184871850902,Search - NonBrand,22740783748
apparel ecommerce platform,BROAD,834069206570,['https://kibocommerce.com/solutions/apparel-and-fashion/'],NB - General B2B,184871850902,Search - NonBrand,22740783748
b2b vendor portal,EXACT,883532967027,['https://kibocommerce.com/solutions/b2b/'],NB - General B2B,184871850902,Search - NonBrand,22740783748
b2b account management software,BROAD,905738457528,['https://kibocommerce.com/solutions/b2b/'],NB - General B2B,184871850902,Search - NonBrand,22740783748
d2c ecommerce platform,BROAD,975296447965,['https://kibocommerce.com/platform/commerce/'],NB - General B2B,184871850902,Search - NonBrand,22740783748
composable commerce,PHRASE,978855229093,[],NB - General B2B,184871850902,Search - NonBrand,22740783748
modular commerce platform,BROAD,1394203914705,['https://kibocommerce.com/solutions/b2b/'],NB - General B2B,184871850902,Search - NonBrand,22740783748
ecommerce ai search,BROAD,1414718516347,['https://kibocommerce.com/platform/ai-search/'],NB - General B2B,184871850902,Search - NonBrand,22740783748
b2b buyer portal,EXACT,1722629831881,['https://kibocommerce.com/solutions/b2b/'],NB - General B2B,184871850902,Search - NonBrand,22740783748
b2b digital portal,EXACT,1839486177112,[],NB - General B2B,184871850902,Search - NonBrand,22740783748
recurring revenue platform,BROAD,1966552669845,['https://kibocommerce.com/platform/subscription/'],NB - General B2B,184871850902,Search - NonBrand,22740783748
mach architecture ecommerce,BROAD,2104976650467,['https://kibocommerce.com/solutions/b2b/'],NB - General B2B,184871850902,Search - NonBrand,22740783748
enterprise b2b ecommerce platform,EXACT,2405611383551,[],NB - General B2B,184871850902,Search - NonBrand,22740783748
distribution ecommerce platform,EXACT,334163550361,[],NB - Distributors,186344145054,Search - NonBrand,22740783748
distributor inventory management,EXACT,361696120529,['https://kibocommerce.com/ppc/distributor/#form'],NB - Distributors,186344145054,Search - NonBrand,22740783748
distribution order management system,EXACT,551292908578,[],NB - Distributors,186344145054,Search - NonBrand,22740783748
distributor commerce platform,EXACT,926328296381,[],NB - Distributors,186344145054,Search - NonBrand,22740783748
distributor b2b portal,EXACT,2451751434652,[],NB - Distributors,186344145054,Search - NonBrand,22740783748
distribution buyer portal software,EXACT,2513177621237,[],NB - Distributors,186344145054,Search - NonBrand,22740783748
distribution marketplace integration,EXACT,2513177621277,[],NB - Distributors,186344145054,Search - NonBrand,22740783748
distribution portal software,EXACT,2513177621437,[],NB - Distributors,186344145054,Search - NonBrand,22740783748
distributor edi integration,EXACT,2513177621477,[],NB - Distributors,186344145054,Search - NonBrand,22740783748
distributor trade portal,EXACT,2513177621517,[],NB - Distributors,186344145054,Search - NonBrand,22740783748
distribution fulfillment platform,EXACT,2513177621717,[],NB - Distributors,186344145054,Search - NonBrand,22740783748
distribution order orchestration,EXACT,2513177621757,[],NB - Distributors,186344145054,Search - NonBrand,22740783748
multi warehouse distribution system,EXACT,2513177621917,[],NB - Distributors,186344145054,Search - NonBrand,22740783748
distribution purchasing controls,EXACT,2513177621957,[],NB - Distributors,186344145054,Search - NonBrand,22740783748
distributor account hierarchy management,EXACT,2513177621997,[],NB - Distributors,186344145054,Search - NonBrand,22740783748
distributor approval workflows,EXACT,2513177622157,[],NB - Distributors,186344145054,Search - NonBrand,22740783748
distributor catalog management,EXACT,2513177622197,[],NB - Distributors,186344145054,Search - NonBrand,22740783748
inventory allocation by account,EXACT,2513177622237,[],NB - Distributors,186344145054,Search - NonBrand,22740783748
3pl partner performance tracking,EXACT,2513177622397,[],NB - Distributors,186344145054,Search - NonBrand,22740783748
multi vendor catalog management,EXACT,2513177622437,[],NB - Distributors,186344145054,Search - NonBrand,22740783748
warehouse order management system [Broad],EXACT,2513177622917,[],NB - Distributors,186344145054,Search - NonBrand,22740783748
distribution credit management,EXACT,2513177623117,[],NB - Distributors,186344145054,Search - NonBrand,22740783748
distribution financial intelligence,EXACT,2513177624397,[],NB - Distributors,186344145054,Search - NonBrand,22740783748
distribution spend governance,EXACT,2513177823797,[],NB - Distributors,186344145054,Search - NonBrand,22740783748
kibo commerce,EXACT,398068540797,[],Kibo,143748213014,Search - Brand,19534321347
kibo oms,EXACT,944287156743,[],OMS,146491133473,Search - Brand,19534321347
kibo ai commerce,EXACT,2446196480638,[],Kibo,143748213014,Search - Brand,19534321347
kibo software,EXACT,944287156783,[],Kibo,143748213014,Search - Brand,19534321347
kibo ecommerce,EXACT,398068540957,[],Kibo,143748213014,Search - Brand,19534321347
kibo ecommerce platform,EXACT,402946790801,[],Kibo,143748213014,Search - Brand,19534321347
kibo platform,EXACT,314422249431,[],Kibo,143748213014,Search - Brand,19534321347
kibo order management,EXACT,632299078024,[],OMS,146491133473,Search - Brand,19534321347
kibo agentic commerce,EXACT,2425344757165,[],Kibo,143748213014,Search - Brand,19534321347
kibo order management system,EXACT,1060313264879,[],OMS,146491133473,Search - Brand,19534321347
