keyword,match_type,criterion_id,final_urls,status,ad_group,campaign
b2b agentic commerce,EXACT,2442134513908,https://kibocommerce.com/platform/agentic-commerce/,ENABLED,Agentic Commerce,Search - NonBrand
b2b commerce solution,EXACT,13764502544,https://kibocommerce.com/solutions/b2b/,ENABLED,B2B EComm,Search - NonBrand
b2b ecommerce integration,EXACT,14008732113,https://kibocommerce.com/platform/connect-hub/,ENABLED,B2B EComm,Search - NonBrand
multi-location inventory management,EXACT,66292757648,https://kibocommerce.com/platform/inventory-visibility/,ENABLED,B2B EComm,Search - NonBrand
b2b ecommerce solution,EXACT,295811616670,https://kibocommerce.com/solutions/b2b/,ENABLED,B2B EComm,Search - NonBrand
b2b commerce software,EXACT,297982384973,https://kibocommerce.com/solutions/b2b/,ENABLED,B2B EComm,Search - NonBrand
b2b mobile commerce,EXACT,297982385693,https://kibocommerce.com/solutions/b2b/,ENABLED,B2B EComm,Search - NonBrand
top b2b ecommerce platforms,EXACT,298374785735,https://kibocommerce.com/solutions/b2b/,ENABLED,B2B EComm,Search - NonBrand
unified commerce,EXACT,298836115570,https://kibocommerce.com/,ENABLED,B2B EComm,Search - NonBrand
unified commerce platform,EXACT,298836115610,https://kibocommerce.com/,ENABLED,B2B EComm,Search - NonBrand
b2b commerce platform,EXACT,298863686055,https://kibocommerce.com/solutions/b2b/,ENABLED,B2B EComm,Search - NonBrand
b2b ecommerce system,EXACT,304812793115,https://kibocommerce.com/solutions/b2b/,ENABLED,B2B EComm,Search - NonBrand
best b2b ecommerce platforms,EXACT,313614260320,https://kibocommerce.com/solutions/b2b/,ENABLED,B2B EComm,Search - NonBrand
b2b catalog management,EXACT,327133208787,https://kibocommerce.com/platform/catalog-price-promo/,ENABLED,B2B EComm,Search - NonBrand
headless b2b ecommerce,EXACT,400440950789,https://kibocommerce.com/solutions/b2b/,ENABLED,B2B EComm,Search - NonBrand
b2b ecommerce services,EXACT,463074009800,https://kibocommerce.com/solutions/b2b/,ENABLED,B2B EComm,Search - NonBrand
subscription commerce,EXACT,326737077729,https://kibocommerce.com/platform/subscription/,ENABLED,B2B Other Keywords,Search - NonBrand
b2c ecommerce software,EXACT,295811618350,https://kibocommerce.com/platform/commerce/,ENABLED,B2C EComm,Search - NonBrand
b2c ecommerce solution,EXACT,295811618390,https://kibocommerce.com/platform/commerce/,ENABLED,B2C EComm,Search - NonBrand
b2c ecommerce platform,EXACT,298863686135,https://kibocommerce.com/platform/commerce/,ENABLED,B2C EComm,Search - NonBrand
b2c commerce,EXACT,299876574845,https://kibocommerce.com/platform/commerce/,ENABLED,B2C EComm,Search - NonBrand
distribution ecommerce platform,EXACT,334163550361,https://kibocommerce.com/ppc/distributor/,ENABLED,NB - Distributors,Search - NonBrand
distributor inventory management,EXACT,361696120529,https://kibocommerce.com/platform/inventory-visibility/,ENABLED,NB - Distributors,Search - NonBrand
distribution order management system,EXACT,551292908578,https://kibocommerce.com/platform/order-management/,ENABLED,NB - Distributors,Search - NonBrand
distributor commerce platform,EXACT,926328296381,https://kibocommerce.com/ppc/distributor/,ENABLED,NB - Distributors,Search - NonBrand
distributor b2b portal,EXACT,2451751434652,https://kibocommerce.com/ppc/distributor/,ENABLED,NB - Distributors,Search - NonBrand
distribution portal software,EXACT,2513177621437,https://kibocommerce.com/ppc/distributor/,ENABLED,NB - Distributors,Search - NonBrand
distributor catalog management,EXACT,2513177622197,https://kibocommerce.com/platform/catalog-price-promo/,ENABLED,NB - Distributors,Search - NonBrand
b2b trade portal,EXACT,1558473315,https://kibocommerce.com/,ENABLED,NB - General B2B,Search - NonBrand
b2b ecommerce solution,EXACT,295811616670,https://kibocommerce.com/solutions/b2b/,ENABLED,NB - General B2B,Search - NonBrand
enterprise ecommerce platform,BROAD,297878144288,https://kibocommerce.com/solutions/b2b/,ENABLED,NB - General B2B,Search - NonBrand
b2b commerce software,EXACT,297982384973,https://kibocommerce.com/solutions/b2b/,ENABLED,NB - General B2B,Search - NonBrand
b2b pricing software,BROAD,298774916546,https://kibocommerce.com/platform/catalog-price-promo/,ENABLED,NB - General B2B,Search - NonBrand
unified commerce platform,EXACT,298836115610,https://kibocommerce.com/,ENABLED,NB - General B2B,Search - NonBrand
b2b commerce platform,EXACT,298863686055,https://kibocommerce.com/solutions/b2b/,ENABLED,NB - General B2B,Search - NonBrand
b2b dealer portal,EXACT,299341196134,https://kibocommerce.com/,ENABLED,NB - General B2B,Search - NonBrand
quote to cash software,BROAD,301388391014,https://kibocommerce.com/solutions/b2b/,ENABLED,NB - General B2B,Search - NonBrand
unified commerce software,BROAD,304835386223,https://kibocommerce.com/,ENABLED,NB - General B2B,Search - NonBrand
auto parts ecommerce,BROAD,312061143572,https://kibocommerce.com/solutions/auto-parts/,ENABLED,NB - General B2B,Search - NonBrand
best b2b ecommerce platforms,EXACT,313614260320,https://kibocommerce.com/solutions/b2b/,ENABLED,NB - General B2B,Search - NonBrand
b2b ecommerce platforms,EXACT,314490958718,https://kibocommerce.com/solutions/b2b/,ENABLED,NB - General B2B,Search - NonBrand
digital commerce solutions,EXACT,327368516074,https://kibocommerce.com/,ENABLED,NB - General B2B,Search - NonBrand
grocery ecommerce platform,BROAD,340306057808,https://kibocommerce.com/solutions/grocery/,ENABLED,NB - General B2B,Search - NonBrand
ai search ecommerce,BROAD,345382090791,https://kibocommerce.com/platform/ai-search/,ENABLED,NB - General B2B,Search - NonBrand
multi location inventory management,EXACT,357018782546,https://kibocommerce.com/platform/inventory-visibility/,ENABLED,NB - General B2B,Search - NonBrand
contract pricing software,BROAD,381669986586,https://kibocommerce.com/solutions/b2b/,ENABLED,NB - General B2B,Search - NonBrand
b2b order portal,EXACT,385161927487,https://kibocommerce.com/solutions/b2b/,ENABLED,NB - General B2B,Search - NonBrand
b2b ecommerce services,EXACT,463074009800,https://kibocommerce.com/solutions/b2b/,ENABLED,NB - General B2B,Search - NonBrand
b2b customer portal software,BROAD,661503072602,https://kibocommerce.com/solutions/b2b/,ENABLED,NB - General B2B,Search - NonBrand
b2b self service portal,BROAD,818810391987,https://kibocommerce.com/ppc/wholesale/#b2b-commerce,ENABLED,NB - General B2B,Search - NonBrand
apparel ecommerce platform,BROAD,834069206570,https://kibocommerce.com/solutions/apparel-and-fashion/,ENABLED,NB - General B2B,Search - NonBrand
b2b vendor portal,EXACT,883532967027,https://kibocommerce.com/solutions/b2b/,ENABLED,NB - General B2B,Search - NonBrand
b2b account management software,BROAD,905738457528,https://kibocommerce.com/solutions/b2b/,ENABLED,NB - General B2B,Search - NonBrand
d2c ecommerce platform,BROAD,975296447965,https://kibocommerce.com/platform/commerce/,ENABLED,NB - General B2B,Search - NonBrand
modular commerce platform,BROAD,1394203914705,https://kibocommerce.com/solutions/b2b/,ENABLED,NB - General B2B,Search - NonBrand
ecommerce ai search,BROAD,1414718516347,https://kibocommerce.com/platform/ai-search/,ENABLED,NB - General B2B,Search - NonBrand
b2b buyer portal,EXACT,1722629831881,https://kibocommerce.com/solutions/b2b/,ENABLED,NB - General B2B,Search - NonBrand
b2b digital portal,EXACT,1839486177112,https://kibocommerce.com/solutions/b2b/,ENABLED,NB - General B2B,Search - NonBrand
recurring revenue platform,BROAD,1966552669845,https://kibocommerce.com/platform/subscription/,ENABLED,NB - General B2B,Search - NonBrand
mach architecture ecommerce,BROAD,2104976650467,https://kibocommerce.com/solutions/b2b/,ENABLED,NB - General B2B,Search - NonBrand
enterprise b2b ecommerce platform,EXACT,2405611383551,https://kibocommerce.com/solutions/b2b/,ENABLED,NB - General B2B,Search - NonBrand
manufacturing commerce platform,EXACT,307380409372,https://kibocommerce.com/ppc/manufacturing/,ENABLED,NB - Manufacturers,Search - NonBrand
manufacturing order management system,EXACT,378331732484,https://kibocommerce.com/platform/order-management/,ENABLED,NB - Manufacturers,Search - NonBrand
manufacturer ecommerce platform,EXACT,568619230228,https://kibocommerce.com/ppc/manufacturing/,ENABLED,NB - Manufacturers,Search - NonBrand
manufacturer b2b portal,EXACT,2446631001813,https://kibocommerce.com/ppc/manufacturing/,ENABLED,NB - Manufacturers,Search - NonBrand
manufacturing quote automation,EXACT,2446631002773,https://kibocommerce.com/ppc/manufacturing/,ENABLED,NB - Manufacturers,Search - NonBrand
wholesale inventory management system,EXACT,337843569813,https://kibocommerce.com/platform/inventory-visibility/,ENABLED,NB - Wholesalers,Search - NonBrand
wholesale distribution platform,EXACT,347267881823,https://kibocommerce.com/ppc/wholesale/,ENABLED,NB - Wholesalers,Search - NonBrand
wholesale ecommerce platform,EXACT,361754558157,https://kibocommerce.com/ppc/wholesale/,ENABLED,NB - Wholesalers,Search - NonBrand
vendor managed inventory platform,EXACT,383521292601,https://kibocommerce.com/platform/inventory-visibility/,ENABLED,NB - Wholesalers,Search - NonBrand
wholesale order management system,EXACT,385738105884,https://kibocommerce.com/platform/order-management/,ENABLED,NB - Wholesalers,Search - NonBrand
wholesale b2b portal,EXACT,942633355197,https://kibocommerce.com/ppc/wholesale/,ENABLED,NB - Wholesalers,Search - NonBrand
wholesale commerce software,EXACT,2277707876577,https://kibocommerce.com/ppc/wholesale/,ENABLED,NB - Wholesalers,Search - NonBrand
wholesale dealer portal,EXACT,2446631003213,https://kibocommerce.com/ppc/wholesale/,ENABLED,NB - Wholesalers,Search - NonBrand
wholesale trade portal,EXACT,2446631003413,https://kibocommerce.com/ppc/wholesale/,ENABLED,NB - Wholesalers,Search - NonBrand
dropship supplier integration,EXACT,2446631003493,https://kibocommerce.com/platform/connect-hub/,ENABLED,NB - Wholesalers,Search - NonBrand
wholesale volume based pricing,EXACT,2446631004213,https://kibocommerce.com/request-a-demo/,ENABLED,NB - Wholesalers,Search - NonBrand
rma software,BROAD,14714866,https://kibocommerce.com/platform/reverse-logistics/,ENABLED,OMS,Search - NonBrand
enterprise order management system,EXACT,296265470120,https://kibocommerce.com/platform/order-management/,ENABLED,OMS,Search - NonBrand
reverse logistics software,BROAD,302663366360,https://kibocommerce.com/platform/reverse-logistics/,ENABLED,OMS,Search - NonBrand
best order management systems,EXACT,309108614780,https://kibocommerce.com/platform/order-management/,ENABLED,OMS,Search - NonBrand
order management system ecommerce,EXACT,309108618460,https://kibocommerce.com/platform/order-management/,ENABLED,OMS,Search - NonBrand
global order management system,EXACT,313341119648,https://kibocommerce.com/platform/order-management/,ENABLED,OMS,Search - NonBrand
returns management software,BROAD,315224344680,https://kibocommerce.com/platform/reverse-logistics/,ENABLED,OMS,Search - NonBrand
ecommerce oms,EXACT,326088839260,https://kibocommerce.com/platform/order-management/,ENABLED,OMS,Search - NonBrand
b2b order management system,EXACT,332176888486,https://kibocommerce.com/platform/order-management/,ENABLED,OMS,Search - NonBrand
enterprise omnichannel commerce,EXACT,345735807088,https://kibocommerce.com/platform/order-management/,ENABLED,OMS,Search - NonBrand
order management system pricing,EXACT,643717491743,https://kibocommerce.com/speak-with-an-expert/,ENABLED,OMS,Search - NonBrand
ai commerce platform,BROAD,719419744707,https://kibocommerce.com/platform/agentic-commerce/,ENABLED,OMS,Search - NonBrand
inventory visibility software,BROAD,801666703096,https://kibocommerce.com/platform/inventory-visibility/,ENABLED,OMS,Search - NonBrand
ai order management,BROAD,810569676445,https://kibocommerce.com/platform/order-management/,ENABLED,OMS,Search - NonBrand
endless aisle software,BROAD,812405265755,https://kibocommerce.com/platform/dropship/,ENABLED,OMS,Search - NonBrand
real-time inventory visibility,BROAD,828682215565,https://kibocommerce.com/platform/inventory-visibility/,ENABLED,OMS,Search - NonBrand
curbside pickup software,BROAD,896320682627,https://kibocommerce.com/platform/order-management/,ENABLED,OMS,Search - NonBrand
order management system demo,EXACT,916391898374,https://kibocommerce.com/platform/order-management/,ENABLED,OMS,Search - NonBrand
d2c order management,BROAD,1638760411395,https://kibocommerce.com/platform/order-management/,ENABLED,OMS,Search - NonBrand
order management system for b2b,EXACT,1651892258843,https://kibocommerce.com/platform/order-management/,ENABLED,OMS,Search - NonBrand
fulfillment optimization software,BROAD,2268117950587,https://kibocommerce.com/platform/order-management/,ENABLED,OMS,Search - NonBrand
available to promise software,BROAD,2268193215755,https://kibocommerce.com/platform/inventory-promising/,ENABLED,OMS,Search - NonBrand
estimated delivery date software,BROAD,2372553702155,https://kibocommerce.com/platform/inventory-promising/,ENABLED,OMS,Search - NonBrand
oms for ecommerce businesses,EXACT,2416995562519,https://kibocommerce.com/platform/order-management/,ENABLED,OMS,Search - NonBrand
multi warehouse order management,EXACT,2428927080602,https://kibocommerce.com/platform/order-management/,ENABLED,OMS,Search - NonBrand
order orchestration platform,BROAD,2435099379509,https://kibocommerce.com/platform/inventory-promising/,ENABLED,OMS,Search - NonBrand
delivery date promise software,BROAD,2464365760556,https://kibocommerce.com/platform/inventory-promising/,ENABLED,OMS,Search - NonBrand
atp ctp software,BROAD,2656172085792,https://kibocommerce.com/platform/inventory-promising/,ENABLED,OMS,Search - NonBrand
