Ad status,Headline 1,Headline 1 position,Headline 2,Headline 2 position,Headline 3,Headline 3 position,Headline 4,Headline 4 position,Headline 5,Headline 5 position,Headline 6,Headline 6 position,Headline 7,Headline 7 position,Headline 8,Headline 8 position,Headline 9,Headline 9 position,Headline 10,Headline 10 position,Headline 11,Headline 11 position,Headline 12,Headline 12 position,Headline 13,Headline 13 position,Headline 14,Headline 14 position,Headline 15,Headline 15 position,Description 1,Description 1 position,Description 2,Description 2 position,Description 3,Description 3 position,Description 4,Description 4 position,Path 1,Path 2,Mobile final URL,Ad group,Status,Status reasons,Ad type,Clicks,Impr.,CTR,Currency code,Avg. CPC,Cost,Final URL,Conv. rate,Conversions,Cost / conv.
Enabled,KIBO Order Management System, --,Global Enterprise OMS Platform, --,Multi-Location OMS Solution, --,Manufacturer Order Management, --,Wholesale Order Management, --,Enterprise Distributor OMS, --,Unified Commerce & OMS for B2B, --,Upgrade Legacy Enterprise OMS, --,Enterprise OMS & Ecommerce, --,Global OMS for Wholesalers, --,Global OMS & Ecommerce, --,{KeyWord:Global OMS Platform}, --,Large-Scale B2B OMS Platform, --,Large-Scale B2B Ecomm & OMS, --,Download Enterprise OMS Guide, --,Enterprise OMS with AI for Global Wholesalers & Distributors. Download the Guide Now.,1,Enterprise OMS with AI Powered Automation. Reduce Errors & Boost Efficiency., --,Discover how AI Transforms Order Management Operations. Get The Free OMS Guide Today.,1,Transform large-scale B2B Order Management Worldwide with KIBO. Get the OMS Guide Today.,1,order,management,,OMS,Not eligible,campaign paused,Responsive search ad,188,"9,279",2.03%,USD,87.11,16376.46,https://kibocommerce.com/resource-center/oms-buyers-guide-part-4-revolutionizing-oms-with-ai-agents-ppc/?utm_medium=ppc&utm_campaign=oms&utm_source=google&utm_term={keyword},1.06%,2,8188.23
Enabled,Challenger in 2025 Gartner®, --,KIBO: Gartner® Challenger 2025, --,2025 Magic Quadrant™ Report, --,Digital Commerce Challenger, --,Gartner® Names KIBO Challenger, --,KIBO Recognized by Gartner®, --,2025 Digital Commerce Report, --,B2B Commerce Recognized, --,Get the Gartner® Report,2,Download Full Gartner® Report,2,Get the Magic Quadrant™ Report,2, --, --, --, --, --, --, --, --,See why KIBO was recognized by Gartner® in the 2025 Magic Quadrant™. Download report.,1,Enterprise-grade modular commerce platform. See the 2025 Gartner® analysis., --,KIBO recognized as a Challenger. Download the Gartner® report and evaluate vendors.,1,KIBO named a Challenger in the 2025 Gartner® Magic Quadrant™ for Digital Commerce., --,gartner,magic-quadrant,,NB - Distributors,Not eligible,campaign paused,Responsive search ad,0,59,0.00%,USD,0,0,https://kibocommerce.com/resource-center/2025-gartner-magic-quadrant-digital-commerce/,0.00%,0,0
Enabled,Challenger in 2025 Gartner®, --,KIBO: Gartner® Challenger 2025, --,2025 Magic Quadrant™ Report, --,Digital Commerce Challenger, --,Gartner® Names KIBO Challenger, --,KIBO Recognized by Gartner®, --,2025 Digital Commerce Report, --,B2B Commerce Recognized, --,Get the Gartner® Report,2,Download Full Gartner® Report,2,Get the Magic Quadrant™ Report,2, --, --, --, --, --, --, --, --,See why KIBO was recognized by Gartner® in the 2025 Magic Quadrant™. Download report.,1,Enterprise-grade modular commerce platform. See the 2025 Gartner® analysis., --,KIBO recognized as a Challenger. Download the Gartner® report and evaluate vendors.,1,KIBO named a Challenger in the 2025 Gartner® Magic Quadrant™ for Digital Commerce., --,gartner,magic-quadrant,,NB - Manufacturers,Not eligible,campaign paused,Responsive search ad,1,35,2.86%,USD,333.27,333.27,https://kibocommerce.com/resource-center/2025-gartner-magic-quadrant-digital-commerce/,0.00%,0,0
Enabled,Challenger in 2025 Gartner®, --,KIBO: Gartner® Challenger 2025, --,2025 Magic Quadrant™ Report, --,Digital Commerce Challenger, --,Gartner® Names KIBO Challenger, --,KIBO Recognized by Gartner®, --,2025 Digital Commerce Report, --,B2B Commerce Recognized, --,Get the Gartner® Report,2,Download Full Gartner® Report,2,Get the Magic Quadrant™ Report,2, --, --, --, --, --, --, --, --,See why KIBO was recognized by Gartner® in the 2025 Magic Quadrant™. Download report.,1,Enterprise-grade modular commerce platform. See the 2025 Gartner® analysis., --,KIBO recognized as a Challenger. Download the Gartner® report and evaluate vendors.,1,KIBO named a Challenger in the 2025 Gartner® Magic Quadrant™ for Digital Commerce., --,gartner,magic-quadrant,,NB - Wholesalers,Not eligible,campaign paused,Responsive search ad,1,68,1.47%,USD,19.3,19.3,https://kibocommerce.com/resource-center/2025-gartner-magic-quadrant-digital-commerce/,0.00%,0,0
Enabled,KIBO Order Management System, --,10 Signs You Need an OMS, --,OMS + ERP Integration Guide, --,Modernize Order Management, --,Beyond ERP Order Processing, --,Real-Time Inventory Visibility, --,Solve ERP Order Issues, --,Move Beyond ERP Limitations, --,Simplify Complex Orders, --,Wholesale Order Management, --,Manufacturer Order Management, --,OMS Platform for Distributors, --,Global Order Management System, --,Download the OMS Guide,2,Get the Free OMS Guide,2,Enterprise OMS with AI Powered Automation. Reduce Errors & Boost Efficiency. Get the Guide,1,Rigid ERP for complex orders? Learn how an OMS cuts costs and boosts speed. Get the Guide.,1,Discover when your ERP limitations require a modern OMS solution. Download the OMS Guide.,1,Stop relying on inflexible ERP systems. Get real-time inventory and unified fulfillment., --,order,management,,OMS,Not eligible,campaign paused,Responsive search ad,3,190,1.58%,USD,79.13,237.38,https://kibocommerce.com/resource-center/smith-b2b-oms-erp-guide/,0.00%,0,0
Enabled,KIBO Commerce, --,OMS Platform for Distributors, --,B2B Ecomm for Distributors, --,Global OMS for Distributors, --,OMS for Multi-Warehouse Ops, --,Real-Time Credit Intelligence, --,OMS Integration for ERPs, --,Real-Time ERP Sync, --,Global B2B Ecommerce Platform, --,3PL Performance Tracking, --,Account Hierarchy Management, --,Agentic Commerce & OMS for B2B, --,{KeyWord:B2B Order Management System}, --,Talk to an Expert Today, --, --, --,Accelerate order flow with real-time credit intelligence. Talk to an expert.,1,End inventory allocation conflicts. Prioritize high-value accounts. Talk to an expert.,1,"B2B ecommerce & OMS for distributors. Multi-warehouse, EDI integration & account hierarchy", --,OMS integration for distributors with real-time credit decisions & purchasing controls., --,b2b-ecommerce,distributor,,NB - Distributors,Not eligible,campaign paused,Responsive search ad,9,200,4.50%,USD,50.38,453.43,https://kibocommerce.com/ppc/distributor/?utm_medium=ppc&utm_campaign=distributor&utm_source=google&utm_term={keyword},0.00%,0,0
Enabled,KIBO Commerce, --,Global Order Management System, --,B2B Ecommerce and OMS Platform, --,Global B2B Ecommerce Platform, --,Multi-DC Order Management, --,Global Composable OMS Platform, --,OMS Integration for ERPs, --,Real-Time ERP Sync, --,Unified B2B Ecommerce Platform, --,Global B2B Order Management, --,Enterprise B2B Ecommerce & OMS, --,Agentic Commerce & OMS for B2B, --,{KeyWord:B2B Order Management System}, --,Request the OMS Guide Today,2,Get the B2B Ecommerce Guide,2,Unified commerce & OMS for enterprise B2B operations. Request the B2B ecommerce guide.,1,Global B2B ecommerce & OMS platform. Real-time pricing & fulfillment. Request the guide.,1,OMS integration with existing ERP systems. No rip-and-replace required for implementation., --,Composable B2B commerce & OMS platform. Deploy modules as needed without disruption., --,b2b-ecommerce, --,,NB - General B2B,Not eligible,campaign paused,Responsive search ad,221,"6,286",3.52%,USD,42.34,9357.23,https://kibocommerce.com/resource-center/how-to-select-an-ecommerce-platform-that-simplifies-the-complexities-of-b2b-selling-ppc/?utm_medium=ppc&utm_campaign=b2b&utm_source=google&utm_term={keyword},0.45%,1,9357.23
Enabled,KIBO OMS Delivered 167% ROI, --,Forrester Study: KIBO OMS, --,KIBO OMS Achieved $8M NPV, --,KIBO OMS ROI Study, --,Payback in Under 6 Months, --,Enterprise OMS ROI Analysis, --,Legacy OMS Cost Savings, --,Forrester TEI Study Results, --,Enterprise OMS Quantified ROI, --,Get the Forrester Study,2,Download Forrester TEI Study,2, --, --, --, --, --, --, --, --,Omnichannel fulfillment unlocked $6.5M in profit. See the Forrester TEI study now., --,Forrester TEI study found KIBO OMS delivered 167% ROI and $8M NPV. Download the study.,2,KIBO customers eliminated legacy OMS fees and saved $2.2M. Download the TEI study.,2,Forrester study found KIBO OMS delivered payback in under 6 months. Get the study., --,Forrester-TEI, --,,OMS,Not eligible,campaign paused,Responsive search ad,0,44,0.00%,USD,0,0,https://kibocommerce.com/resource-center/forrester-total-economic-impact-oms/,0.00%,0,0
Enabled,KIBO Commerce, --,OMS Platform for Wholesalers, --,B2B Ecommerce for Wholesalers, --,Global OMS for Wholesalers, --,Multi-DC OMS for Wholesalers, --,Real-Time Inventory Visibility, --,OMS Integration for ERPs, --,Real-Time ERP Sync, --,Unified B2B Ecommerce Platform, --,Improve SLA Compliance, --,Scale Catalog with Dropship, --,Agentic Commerce & OMS for B2B, --,{KeyWord:B2B Order Management System}, --,Talk to an Expert Today, --, --, --,Reduce freight costs with intelligent order routing across DCs & 3PLs. Talk to an expert.,1,Stop margin leakage from disconnected pricing & shipping decisions. Talk to an expert.,1,"B2B ecommerce & OMS for wholesalers. Multi-DC, dropship integration & volume pricing.", --,OMS integration for wholesalers with real-time pricing & fulfillment optimization., --,b2b-ecommerce,wholesale,,NB - Wholesalers,Not eligible,campaign paused,Responsive search ad,119,"2,248",5.29%,USD,39.55,4706.58,https://kibocommerce.com/ppc/wholesale/?utm_medium=ppc&utm_campaign=wholesale&utm_source=google&utm_term={keyword},0.84%,1,4706.58
Enabled,Challenger in 2025 Gartner®, --,KIBO: Gartner® Challenger 2025, --,2025 Magic Quadrant™ Report, --,Digital Commerce Challenger, --,Gartner® Names KIBO Challenger, --,KIBO Recognized by Gartner®, --,2025 Digital Commerce Report, --,B2B Commerce Recognized, --,Get the Gartner® Report,2,Download Full Gartner® Report,2,Get the Magic Quadrant™ Report,2, --, --, --, --, --, --, --, --,See why KIBO was recognized by Gartner® in the 2025 Magic Quadrant™. Download report.,1,Enterprise-grade modular commerce platform. See the 2025 Gartner® analysis., --,KIBO recognized as a Challenger. Download the Gartner® report and evaluate vendors.,1,KIBO named a Challenger in the 2025 Gartner® Magic Quadrant™ for Digital Commerce., --,gartner,magic-quadrant,,NB - General B2B,Not eligible,campaign paused,Responsive search ad,5,192,2.60%,USD,60.96,304.81,https://kibocommerce.com/resource-center/2025-gartner-magic-quadrant-digital-commerce/,0.00%,0,0
Enabled,KIBO Commerce, --,B2B Commerce Migration Guide, --,Legacy B2B System Migration, --,B2B Platform Migration Plan, --,B2B Commerce Platform Upgrade, --,B2B Digital Experience Guide, --,Replace Legacy B2B Systems, --,B2B Commerce Modernization, --,Enterprise B2B Ecomm Migration, --,MACH Architecture for B2B, --,B2B Ecomm Migration Strategy, --,Download the B2B Guide,2,Get the B2B Migration Guide,2, --, --, --, --,Transition from legacy B2B systems to a modern commerce platform. Get the migration guide.,1,Master your B2B Digital Experience migration. Get the roadmap for modernization success.,1,Composable architecture eliminates vendor lock-in. Download the B2B migration guide today.,1,"Learn phased, low-risk B2B migration strategies that protect your ERP and core systems.", --,b2b-ecommerce,migration,,NB - General B2B,Not eligible,campaign paused,Responsive search ad,25,609,4.11%,USD,40,999.97,https://kibocommerce.com/resource-center/mastering-your-b2b-commerce-migration/,4.00%,1,999.97
Enabled,KIBO Commerce, --,OMS Platform for Manufacturers, --,B2B Ecomm for Manufacturers, --,Global OMS for Manufacturers, --,Dealer Order Management Portal, --,Real-Time Production Inventory, --,OMS Integration for ERPs, --,Real-Time ERP Sync, --,Global B2B Ecommerce Platform, --,Scale Across Multiple Brands, --,Quote Automation, --,Agentic Commerce & OMS for B2B, --,{KeyWord:B2B Order Management System}, --,Talk to an Expert Today, --, --, --,Eliminate inventory blind spots across production facilities. Talk to an expert., --,Reduce expedited freight costs through intelligent real-time orchestration., --,"B2B ecommerce & OMS for manufacturers. Dealer portals, ATP/CTP & multi-tier pricing.", --,OMS integration for manufacturers with real-time pricing & territory enforcement., --,b2b-ecommerce,manufacturing,,NB - Manufacturers,Not eligible,campaign paused,Responsive search ad,14,118,11.86%,USD,49.8,697.25,https://kibocommerce.com/ppc/manufacturing/?utm_medium=ppc&utm_campaign=manufacturing&utm_source=google&utm_term={keyword},0.00%,0,0
