URL,Full URL with Anchors Available,Intent Level,Primary Topic,Secondary Topics,CTA Type,Personas,Page Title
https://kibocommerce.com/platform/order-management/,"/platform/order-management/, /platform/order-management/#content",HIGH,Order Management System,Real-time inventory; Order routing; Fulfillment optimization; AI agents,Watch Demo; Talk to Sales,"Operations Leaders, IT Directors, Supply Chain Managers",Enterprise Order Management System (OMS) Platform | KIBO
https://kibocommerce.com/solutions/b2b/,"/solutions/b2b/, /solutions/b2b/#content",HIGH,B2B Commerce Platform,Quote-to-cash; Account management; AI agents; Contract pricing,Watch Demo; Talk to Sales,"B2B Operations, IT Leaders, Ecommerce Managers",B2B | KIBO Commerce
https://kibocommerce.com/platform/platform-commerce/,"/platform/platform-commerce/, /platform/platform-commerce/#content",HIGH,Commerce Platform,Headless commerce; Composable; B2B/B2C capabilities,Watch Demo; Contact Sales,"Ecommerce Directors, Digital Leaders",Commerce Platform | KIBO
https://kibocommerce.com/platform/commerce/,"/platform/commerce/, /platform/commerce/#content",HIGH,B2C Commerce,Omnichannel; Headless; Customer experience,Watch Demo; Contact Sales,"Retail Leaders, Ecommerce Directors",Commerce | KIBO
https://kibocommerce.com/ppc/wholesale/,"/ppc/wholesale/, /ppc/wholesale/#form, /ppc/wholesale/#solutions, /ppc/wholesale/#order-management, /ppc/wholesale/#b2b-commerce",HIGH,Wholesale Ecommerce,Order orchestration; Multi-location inventory; Self-service portal,Talk to Expert; Speak with Expert,"Wholesale Operations, IT Directors",B2B Ecommerce for Wholesalers | KIBO
https://kibocommerce.com/ppc/distributor/,"/ppc/distributor/, /ppc/distributor/#form, /ppc/distributor/#solutions, /ppc/distributor/#b2b-commerce",HIGH,Distributor Ecommerce,Distribution operations; Complex pricing; B2B portal,Talk to Expert; Speak with Expert,"Distribution Leaders, Operations Managers",B2B Ecommerce for Distributors | KIBO
https://kibocommerce.com/ppc/manufacturing/,"/ppc/manufacturing/, /ppc/manufacturing/#form, /ppc/manufacturing/#solutions, /ppc/manufacturing/#b2b-commerce, /ppc/manufacturing/#use-cases",HIGH,Manufacturer Ecommerce,Complex B2B purchasing; Dealer portals; ERP integration,Talk to Expert; Speak with Expert,"Manufacturing Operations, IT Leaders",B2B Ecommerce for Manufacturers | KIBO
https://kibocommerce.com/solutions/manufacturing/,"/solutions/manufacturing/, /solutions/manufacturing/#content",HIGH,Manufacturing Solutions,Dealer portals; Configure/price; ATP/CTP,Watch Demo; Talk to Sales,"Manufacturing Leaders, Operations Directors",Manufacturing Solutions | KIBO
https://kibocommerce.com/solutions/wholesale/,"/solutions/wholesale/, /solutions/wholesale/#content",HIGH,Wholesale Solutions,Reorder streamlining; Volume pricing; DSO reduction,Watch Demo; Talk to Sales,"Wholesale Directors, Finance Leaders",Wholesale Solutions | KIBO
https://kibocommerce.com/solutions/distribution/,"/solutions/distribution/, /solutions/distribution/#content",HIGH,Distribution Solutions,Split shipment reduction; Vendor normalization; Promise accuracy,Watch Demo; Talk to Sales,"Distribution Managers, Supply Chain Leaders",Distribution Solutions | KIBO
https://kibocommerce.com/solutions/retail/,"/solutions/retail/, /solutions/retail/#content",HIGH,Retail Solutions,Omnichannel fulfillment; BOPIS; Ship-from-store,Watch Demo; Talk to Sales,"Retail Operations, Store Managers",Retail Solutions | KIBO
https://kibocommerce.com/solutions/apparel-and-fashion/,"/solutions/apparel-and-fashion/, /solutions/apparel-and-fashion/#content",MEDIUM,Apparel & Fashion,Size/color management; Returns; Inventory visibility,Watch Demo; Talk to Sales,"Fashion Retail Leaders, Merchandisers",Apparel & Fashion | KIBO
https://kibocommerce.com/solutions/hardware/,"/solutions/hardware/, /solutions/hardware/#content",MEDIUM,Hardware Industry,Complex products; Inventory management; B2B sales,Watch Demo; Talk to Sales,"Hardware Retailers, Operations",Hardware Solutions | KIBO
https://kibocommerce.com/solutions/grocery/,"/solutions/grocery/, /solutions/grocery/#content",MEDIUM,Grocery Solutions,Perishable inventory; BOPIS; Delivery scheduling,Watch Demo; Talk to Sales,"Grocery Operations, Store Directors",Grocery Solutions | KIBO
https://kibocommerce.com/solutions/health-and-beauty/,"/solutions/health-and-beauty/, /solutions/health-and-beauty/#content",MEDIUM,Health & Beauty,Product bundles; Subscriptions; Customer experience,Watch Demo; Talk to Sales,"H&B Retailers, Ecommerce Managers",Health & Beauty | KIBO
https://kibocommerce.com/solutions/auto-parts/,"/solutions/auto-parts/, /solutions/auto-parts/#content",MEDIUM,Auto Parts,Complex catalogs; Fitment data; Inventory visibility,Watch Demo; Talk to Sales,"Auto Parts Retailers, Operations",Auto Parts | KIBO
https://kibocommerce.com/platform/inventory-visibility/,"/platform/inventory-visibility/, /platform/inventory-visibility/#content",HIGH,Inventory Visibility,Real-time inventory; ATP; Safety stock; Multi-location,Learn More; Contact Sales,"Operations Leaders, Supply Chain Managers",Inventory Visibility | KIBO
https://kibocommerce.com/platform/inventory-promising/,"/platform/inventory-promising/, /platform/inventory-promising/#content",HIGH,Order Promising,EDD; Delivery dates; Order orchestration,Learn More; Contact Sales,"Operations, Customer Experience Leaders",Order Promising | KIBO
https://kibocommerce.com/platform/agentic-commerce/,"/platform/agentic-commerce/, /platform/agentic-commerce/#content",HIGH,Agentic Commerce AI,AI agents; Automation; Shopping journeys; Service automation,Explore; Contact Sales,"IT Leaders, Digital Transformation Officers",Agentic Commerce | KIBO
https://kibocommerce.com/platform/ai-search/,"/platform/ai-search/, /platform/ai-search/#content",HIGH,AI Vector Search,Product discovery; Searchandising; Conversion optimization,Learn More; Contact Sales,"Ecommerce Directors, Merchandisers",AI Vector Search | KIBO
https://kibocommerce.com/platform/subscription/,"/platform/subscription/, /platform/subscription/#content",HIGH,Subscription Commerce,Recurring revenue; Flexible billing; Inventory-aware subscriptions,Learn More; Contact Sales,"Revenue Leaders, Ecommerce Directors",Subscription Commerce | KIBO
https://kibocommerce.com/platform/cms/,"/platform/cms/, /platform/cms/#content",MEDIUM,CMS,Content management; Headless CMS; Page builder,Learn More; Contact Sales,"Marketing, Digital Experience Leaders",CMS | KIBO
https://kibocommerce.com/platform/dropship/,"/platform/dropship/, /platform/dropship/#content",HIGH,Dropship,Vendor integration; Extended catalog; Endless aisle,Learn More; Contact Sales,"Merchandisers, Operations Leaders",Dropship | KIBO
https://kibocommerce.com/platform/reverse-logistics/,"/platform/reverse-logistics/, /platform/reverse-logistics/#content",HIGH,Reverse Logistics,Returns management; Disposition; Restock automation,Learn More; Contact Sales,"Operations, Supply Chain Leaders",Reverse Logistics | KIBO
https://kibocommerce.com/platform/cart-and-checkout/,"/platform/cart-and-checkout/, /platform/cart-and-checkout/#content",HIGH,Cart & Checkout,Conversion optimization; Payment processing; Checkout experience,Learn More; Contact Sales,"Ecommerce, UX Leaders",Cart & Checkout | KIBO
https://kibocommerce.com/platform/catalog-price-promo/,"/platform/catalog-price-promo/, /platform/catalog-price-promo/#content",HIGH,Catalog Pricing & Promotions,Product catalog; Pricing rules; Promotional campaigns,Learn More; Contact Sales,"Merchandisers, Pricing Managers",Catalog Pricing & Promotions | KIBO
https://kibocommerce.com/platform/marketplace/,"/platform/marketplace/, /platform/marketplace/#content",MEDIUM,Marketplace,Multi-vendor; Commission management; Seller onboarding,Learn More; Contact Sales,"Marketplace Operators, Ecommerce Directors",Marketplace | KIBO
https://kibocommerce.com/platform/connect-hub/,"/platform/connect-hub/, /platform/connect-hub/#content",MEDIUM,Connect Hub,Integrations; API management; System connectivity,Learn More; Contact Sales,"IT Leaders, Integration Architects",Connect Hub | KIBO
https://kibocommerce.com/request-a-demo/,"/request-a-demo/, /request-a-demo/#content",HIGH,Demo Request,Platform demonstration; Sales conversation,Request Demo,"All Decision Makers",Request a Demo | KIBO
https://kibocommerce.com/speak-with-an-expert/,"/speak-with-an-expert/, /speak-with-an-expert/#content",HIGH,Contact Sales,Expert consultation; Sales inquiry,Contact Expert,"All Decision Makers",Speak with an Expert | KIBO
https://kibocommerce.com/contact-us/,"/contact-us/, /contact-us/#content",HIGH,Contact,General inquiries; Support; Sales,Contact Us,"All Visitors",Contact Us | KIBO
https://kibocommerce.com/resource-center/oms-buyers-guide-part-4-revolutionizing-oms-with-ai-agents-ppc/,"/resource-center/oms-buyers-guide-part-4-revolutionizing-oms-with-ai-agents-ppc/",LOW,OMS Buyers Guide,AI agents; OMS selection; Automation,Download Guide,"Operations Leaders, IT Directors",OMS Buyers Guide Part 4 | KIBO
https://kibocommerce.com/resource-center/2025-gartner-magic-quadrant-digital-commerce/,"/resource-center/2025-gartner-magic-quadrant-digital-commerce/",MEDIUM,Gartner Magic Quadrant,Industry recognition; Vendor comparison,Download Report,"IT Leaders, Decision Makers",2025 Gartner Magic Quadrant | KIBO
https://kibocommerce.com/resource-center/smith-b2b-oms-erp-guide/,"/resource-center/smith-b2b-oms-erp-guide/",LOW,OMS ERP Guide,ERP integration; OMS vs ERP; Legacy modernization,Download Guide,"Operations, IT Directors",OMS ERP Guide | KIBO
https://kibocommerce.com/resource-center/how-to-select-an-ecommerce-platform-that-simplifies-the-complexities-of-b2b-selling-ppc/,"/resource-center/how-to-select-an-ecommerce-platform-that-simplifies-the-complexities-of-b2b-selling-ppc/",LOW,B2B Platform Selection Guide,Platform selection; B2B commerce; Complexity management,Download Guide,"B2B Leaders, IT Directors",B2B Platform Selection Guide | KIBO
https://kibocommerce.com/resource-center/forrester-total-economic-impact-oms/,"/resource-center/forrester-total-economic-impact-oms/",MEDIUM,Forrester TEI Study,ROI analysis; Business case; Cost savings,Download Study,"Finance, Operations Leaders",Forrester TEI OMS | KIBO
https://kibocommerce.com/resource-center/mastering-your-b2b-commerce-migration/,"/resource-center/mastering-your-b2b-commerce-migration/",LOW,B2B Migration Guide,Platform migration; Legacy modernization; MACH architecture,Download Guide,"IT Directors, Digital Leaders",B2B Migration Guide | KIBO
https://kibocommerce.com/resource-center/forrester-wave-oms-q1-2025/,"/resource-center/forrester-wave-oms-q1-2025/",MEDIUM,Forrester Wave OMS,Industry recognition; OMS comparison; Analyst report,Download Report,"Operations, IT Leaders",Forrester Wave OMS Q1 2025 | KIBO
https://kibocommerce.com/customer-stories/,"/customer-stories/, /customer-stories/#content",MEDIUM,Customer Stories,Case studies; Success stories; ROI examples,View Stories,"All Decision Makers",Customer Stories | KIBO
https://kibocommerce.com/resources/,"/resources/, /resources/#content",LOW,Resource Center,Guides; Reports; Webinars; Blog,Browse Resources,"All Visitors",Resources | KIBO
https://kibocommerce.com/,"/",HIGH,Homepage,Unified commerce; OMS; B2B/B2C; AI,Watch Demo; Talk to Sales,"All Visitors",KIBO: Unified Commerce & OMS Platform
